testfile,Naive_CPDP_LR,Zscore_CPDP_LR,Zscore_SMOTE_CPDP_LR,Zscore_SMOTE_iFF_CPDP_LR,Zscore_WiFF_CPDP_LR,Zscore_WiFFplusL_CPDP_LR
ant-1.7.csv,0.25229787,0.25229787,0.737132857,0.648781024,0.673483509,0.592673388
ant-1.7.csv,0.243128516,0.252353911,0.728418955,0.691542401,0.685189952,0.664281297
ant-1.7.csv,0.243024319,0.243024319,0.736891049,0.700395868,0.692683293,0.578653634
ant-1.7.csv,0.214852523,0.214852523,0.732476116,0.660690337,0.675753217,0.590340501
ant-1.7.csv,0.224335132,0.224335132,0.723216129,0.668495424,0.704766117,0.57674243
ant-1.7.csv,0.25229787,0.261421806,0.718163318,0.658304539,0.681465988,0.576571959
ant-1.7.csv,0.224379438,0.243128516,0.721166922,0.685231005,0.69745287,0.627061707
ant-1.7.csv,0.270449842,0.270449842,0.735616313,0.691356179,0.676583552,0.616807877
ant-1.7.csv,0.25229787,0.25229787,0.726775956,0.688063769,0.689405033,0.604727315
ant-1.7.csv,0.233756119,0.243076497,0.737132857,0.660230817,0.664401415,0.60509331
ant-1.7.csv,0.261481974,0.261481974,0.737888478,0.693923447,0.68341846,0.629958341
ant-1.7.csv,0.233707865,0.243024319,0.728742198,0.680097288,0.680414262,0.561788837
ant-1.7.csv,0.233707865,0.233707865,0.734761537,0.694547332,0.662956939,0.586482888
ant-1.7.csv,0.270449842,0.261421806,0.730252083,0.644066209,0.657760686,0.57316728
ant-1.7.csv,0.205221809,0.205221809,0.68782555,0.671834147,0.683575207,0.615359845
ant-1.7.csv,0.233756119,0.233756119,0.73436396,0.697039334,0.68264944,0.594668489
ant-1.7.csv,0.24297198,0.243024319,0.721883847,0.657788988,0.69118209,0.575988994
ant-1.7.csv,0.243128516,0.252353911,0.729663574,0.67857006,0.671264759,0.6138989
ant-1.7.csv,0.233756119,0.233756119,0.737888478,0.683600944,0.672480575,0.60456064
ant-1.7.csv,0.224335132,0.233756119,0.733708769,0.687502811,0.694647373,0.610930249
ant-1.7.csv,0.25229787,0.25229787,0.743402928,0.686296241,0.672496613,0.60057028
ant-1.7.csv,0.261481974,0.261481974,0.737132857,0.680662815,0.701429249,0.612160989
ant-1.7.csv,0.243128516,0.243128516,0.741817316,0.681447121,0.678769603,0.61682887
ant-1.7.csv,0.243024319,0.243024319,0.745752313,0.685610696,0.714042367,0.572754132
ant-1.7.csv,0.261481974,0.261481974,0.743126758,0.675091774,0.679201369,0.607958272
ant-1.7.csv,0.25229787,0.25229787,0.735204247,0.676149248,0.703616381,0.525631745
ant-1.7.csv,0.233756119,0.243076497,0.737888478,0.652718066,0.702015082,0.595311631
ant-1.7.csv,0.233804225,0.233804225,0.712411268,0.649889041,0.698274578,0.592673388
ant-1.7.csv,0.243128516,0.243128516,0.74342257,0.683925136,0.681550794,0.512454584
ant-1.7.csv,0.261481974,0.261481974,0.743898103,0.640333297,0.690266286,0.583622829
arc-1.csv,0.199506173,0.199506173,0.589336589,0.610975278,0.60705947,0.631697688
arc-1.csv,0.199706314,0.199706314,0.58600823,0.57556407,0.569444444,0.666666667
arc-1.csv,0.199506173,0.199506173,0.592592593,0.576759966,0.577946768,0.652144129
arc-1.csv,0.199506173,0.199506173,0.617313592,0.57556407,0.600335852,0.645331117
arc-1.csv,0.199606686,0.199606686,0.553867792,0.608374384,0.584610892,0.647619048
arc-1.csv,0.199506173,0.199506173,0.592592593,0.576759966,0.577946768,0.636005626
arc-1.csv,0.199506173,0.199506173,0.583747927,0.598960528,0.576759966,0.656862745
arc-1.csv,0.199805068,0.199805068,0.589336589,0.609679618,0.605734767,0.643026005
arc-1.csv,0.199706314,0.199606686,0.583747927,0.573144573,0.600335852,0.654366544
arc-1.csv,0.199506173,0.257242916,0.552873076,0.574358974,0.568191721,0.659340659
arc-1.csv,0.199805068,0.199805068,0.589336589,0.609679618,0.601700823,0.661800487
arc-1.csv,0.199506173,0.199506173,0.58488228,0.57556407,0.591924399,0.651851852
arc-1.csv,0.199506173,0.199506173,0.589336589,0.589033189,0.566929134,0.656862745
arc-1.csv,0.199506173,0.199506173,0.581453634,0.604400166,0.564373898,0.671717172
arc-1.csv,0.199506173,0.199506173,0.58488228,0.573144573,0.566929134,0.645331117
arc-1.csv,0.199506173,0.199506173,0.58600823,0.581604121,0.597574732,0.647619048
arc-1.csv,0.199805068,0.199706314,0.58600823,0.605734767,0.609679618,0.636005626
arc-1.csv,0.257242916,0.257242916,0.583747927,0.559139785,0.612734717,0.646766169
arc-1.csv,0.199506173,0.199506173,0.553867792,0.60705947,0.582605077,0.659340659
arc-1.csv,0.199506173,0.199506173,0.551870748,0.60705947,0.582605077,0.664242424
arc-1.csv,0.199506173,0.199506173,0.58600823,0.574358974,0.571920758,0.671717172
arc-1.csv,0.257242916,0.257242916,0.587125871,0.576759966,0.605734767,0.659340659
arc-1.csv,0.199706314,0.199706314,0.58488228,0.576759966,0.604400166,0.62745098
arc-1.csv,0.199506173,0.199506173,0.588235294,0.58488228,0.57556407,0.649889989
arc-1.csv,0.199506173,0.199506173,0.551870748,0.576759966,0.596178344,0.669073406
arc-1.csv,0.199506173,0.199506173,0.588235294,0.604400166,0.600335852,0.64160401
arc-1.csv,0.199506173,0.199506173,0.582605077,0.574358974,0.600335852,0.666666667
arc-1.csv,0.199506173,0.199506173,0.55086072,0.600335852,0.600335852,0.620957309
arc-1.csv,0.199506173,0.199506173,0.588235294,0.579124579,0.577946768,0.690899716
arc-1.csv,0.199805068,0.199805068,0.549842902,0.603055556,0.576759966,0.62745098
camel-1.6.csv,0.061799975,0.061799975,0.488974686,0.565283516,0.555286116,0.563584394
camel-1.6.csv,0.071723353,0.071723353,0.466768334,0.5393034,0.489547157,0.587704088
camel-1.6.csv,0.071719852,0.071719852,0.484792489,0.52466877,0.510124494,0.577429657
camel-1.6.csv,0.071719852,0.071719852,0.461564879,0.496483783,0.499108734,0.595138885
camel-1.6.csv,0.071723353,0.071723353,0.477579687,0.533691687,0.531891788,0.561169418
camel-1.6.csv,0.071719852,0.071716341,0.475514549,0.509773495,0.502630156,0.569502037
camel-1.6.csv,0.071719852,0.071723353,0.496563912,0.557324505,0.509612583,0.573197642
camel-1.6.csv,0.071723353,0.071723353,0.477494214,0.547602796,0.516975233,0.569641924
camel-1.6.csv,0.071719852,0.071716341,0.48614214,0.547045559,0.518307805,0.585854939
camel-1.6.csv,0.071726845,0.071726845,0.487069569,0.55861995,0.499511944,0.575406474
camel-1.6.csv,0.071723353,0.071723353,0.483667018,0.550624404,0.547446782,0.584003187
camel-1.6.csv,0.071712822,0.071712822,0.500483235,0.547189282,0.52559248,0.583735872
camel-1.6.csv,0.071716341,0.071716341,0.478172719,0.531176675,0.516499543,0.57438928
camel-1.6.csv,0.081522034,0.081522034,0.481889885,0.529840637,0.505857295,0.572039185
camel-1.6.csv,0.071723353,0.071723353,0.473517797,0.538403355,0.516640176,0.581314879
camel-1.6.csv,0.071726845,0.071726845,0.480806337,0.554098066,0.534049234,0.589160231
camel-1.6.csv,0.071712822,0.071709294,0.474333506,0.559032861,0.568209564,0.586547378
camel-1.6.csv,0.071709294,0.071709294,0.476083559,0.53993742,0.532015211,0.579973562
camel-1.6.csv,0.081522034,0.081522034,0.487531711,0.529135968,0.515213228,0.579722964
camel-1.6.csv,0.071716341,0.071716341,0.485520136,0.528230039,0.522659213,0.583725898
camel-1.6.csv,0.081531142,0.081531142,0.483098996,0.562759187,0.561484455,0.582762631
camel-1.6.csv,0.071719852,0.071719852,0.49479839,0.555611044,0.522659213,0.578441081
camel-1.6.csv,0.071723353,0.071719852,0.483399464,0.534838935,0.519936749,0.556598089
camel-1.6.csv,0.071719852,0.071723353,0.487821664,0.51107342,0.542279181,0.584654986
camel-1.6.csv,0.071709294,0.071709294,0.488687444,0.530437102,0.462956289,0.587906522
camel-1.6.csv,0.071723353,0.071723353,0.484267106,0.545883812,0.459853923,0.569263041
camel-1.6.csv,0.071723353,0.071723353,0.46348228,0.538581157,0.523502686,0.586336214
camel-1.6.csv,0.071709294,0.071709294,0.484296566,0.564445768,0.522321618,0.576756766
camel-1.6.csv,0.071719852,0.071719852,0.472919777,0.554949778,0.495703168,0.57725028
camel-1.6.csv,0.071716341,0.071716341,0.497354763,0.55180147,0.506879259,0.583638898
ivy-2.0.csv,0.486613783,0.486613783,0.708613728,0.706182065,0.737321196,0.68046133
ivy-2.0.csv,0.486613783,0.486613783,0.747224594,0.714812332,0.744948409,0.706877729
ivy-2.0.csv,0.486613783,0.486613783,0.723214286,0.722640673,0.731039018,0.64665127
ivy-2.0.csv,0.427998966,0.427998966,0.705915179,0.724679345,0.718108831,0.669117647
ivy-2.0.csv,0.428313564,0.428313564,0.703475336,0.704720835,0.703259393,0.687811509
ivy-2.0.csv,0.428313564,0.428313564,0.719039224,0.724137931,0.724115334,0.673497268
ivy-2.0.csv,0.458038423,0.458038423,0.69476082,0.708276798,0.710526316,0.69857841
ivy-2.0.csv,0.397368421,0.397368421,0.72182943,0.719626168,0.690850277,0.68046133
ivy-2.0.csv,0.428313564,0.428313564,0.709937332,0.727112676,0.724137931,0.69352014
ivy-2.0.csv,0.486207753,0.486207753,0.713872832,0.724137931,0.696022727,0.666666667
ivy-2.0.csv,0.428313564,0.428313564,0.740181269,0.7119614,0.692254495,0.683745583
ivy-2.0.csv,0.428313564,0.428313564,0.74301676,0.693652254,0.713390058,0.644662921
ivy-2.0.csv,0.514105058,0.486613783,0.732984293,0.736956522,0.751599147,0.69858871
ivy-2.0.csv,0.397097625,0.397097625,0.719039224,0.706182065,0.693493151,0.675829169
ivy-2.0.csv,0.428313564,0.428313564,0.693493151,0.695043598,0.704720835,0.673497268
ivy-2.0.csv,0.458038423,0.458038423,0.715173026,0.725628584,0.752445768,0.695364238
ivy-2.0.csv,0.486613783,0.486613783,0.738754325,0.716584712,0.744948409,0.625882353
ivy-2.0.csv,0.458038423,0.458038423,0.705948626,0.700297075,0.697807218,0.632164851
ivy-2.0.csv,0.458038423,0.458038423,0.722854641,0.711971197,0.716584712,0.68046133
ivy-2.0.csv,0.458038423,0.458038423,0.720438441,0.700297075,0.735881842,0.7
ivy-2.0.csv,0.486613783,0.486613783,0.727332457,0.710419486,0.738754325,0.70493992
ivy-2.0.csv,0.427682737,0.427682737,0.698529412,0.718108831,0.72859025,0.6812749
ivy-2.0.csv,0.486613783,0.486613783,0.741602067,0.707294971,0.704607046,0.694109772
ivy-2.0.csv,0.458038423,0.458038423,0.719039224,0.724137931,0.714812332,0.690687361
ivy-2.0.csv,0.458038423,0.458038423,0.741602067,0.69731405,0.710526316,0.656871819
ivy-2.0.csv,0.458038423,0.458038423,0.725965759,0.679378531,0.696428571,0.715909091
ivy-2.0.csv,0.486613783,0.486613783,0.725965759,0.704906861,0.726872247,0.695364238
ivy-2.0.csv,0.514105058,0.514105058,0.72182943,0.703210383,0.7176379,0.678793256
ivy-2.0.csv,0.486613783,0.486613783,0.728693182,0.688022284,0.7176379,0.676787351
ivy-2.0.csv,0.428626543,0.428626543,0.719039224,0.706182065,0.727873184,0.668801464
jedit-4.3.csv,0.590379009,0.590889245,0.558038692,0.486268485,0.516413696,0.449269792
jedit-4.3.csv,0.589867134,0.590889245,0.563245033,0.522241681,0.535031847,0.46964018
jedit-4.3.csv,0.587803086,0.588321596,0.548741341,0.509000178,0.509000178,0.418576839
jedit-4.3.csv,0.590379009,0.590379009,0.564534788,0.527980535,0.551422319,0.429667519
jedit-4.3.csv,0.590379009,0.590379009,0.556725146,0.525122121,0.522241681,0.420445505
jedit-4.3.csv,0.590379009,0.590889245,0.563245033,0.517879162,0.543319149,0.452736318
jedit-4.3.csv,0.589867134,0.589867134,0.552755376,0.525122121,0.544682297,0.440473878
jedit-4.3.csv,0.589867134,0.590889245,0.558038692,0.513465627,0.530817175,0.412921348
jedit-4.3.csv,0.590379009,0.590379009,0.564534788,0.548741341,0.548741341,0.45617378
jedit-4.3.csv,0.588321596,0.588838436,0.547393365,0.529401561,0.525122121,0.449269792
jedit-4.3.csv,0.589353612,0.589353612,0.558038692,0.535031847,0.556725146,0.424158416
jedit-4.3.csv,0.589867134,0.589867134,0.550084317,0.516413696,0.536426117,0.41669996
jedit-4.3.csv,0.589867134,0.589867134,0.560651379,0.535031847,0.537815126,0.422306013
jedit-4.3.csv,0.589867134,0.589867134,0.563245033,0.529401561,0.551422319,0.444014697
jedit-4.3.csv,0.589353612,0.589353612,0.558038692,0.509000178,0.527980535,0.440473878
jedit-4.3.csv,0.588838436,0.589353612,0.556725146,0.522241681,0.547393365,0.457881727
jedit-4.3.csv,0.590379009,0.590889245,0.558038692,0.543319149,0.522241681,0.452736318
jedit-4.3.csv,0.589353612,0.589867134,0.548741341,0.510494486,0.516413696,0.414814815
jedit-4.3.csv,0.592410197,0.592410197,0.551422319,0.493728413,0.5075,0.438692098
jedit-4.3.csv,0.590379009,0.592913955,0.550084317,0.527980535,0.535031847,0.442248062
jedit-4.3.csv,0.589867134,0.590379009,0.547393365,0.511982958,0.529401561,0.426002766
jedit-4.3.csv,0.590889245,0.590889245,0.568376068,0.539198904,0.572175903,0.466315393
jedit-4.3.csv,0.591904831,0.591397849,0.564534788,0.520793122,0.523684671,0.431488025
jedit-4.3.csv,0.588321596,0.588838436,0.558038692,0.523684671,0.530817175,0.444014697
jedit-4.3.csv,0.589353612,0.589867134,0.561950572,0.49837369,0.536426117,0.451006711
jedit-4.3.csv,0.589353612,0.589353612,0.555406763,0.520793122,0.529401561,0.442248062
jedit-4.3.csv,0.590889245,0.591397849,0.568376068,0.517879162,0.558038692,0.422306013
jedit-4.3.csv,0.589353612,0.590379009,0.559347428,0.532227406,0.516413696,0.447525515
jedit-4.3.csv,0.590379009,0.590379009,0.556725146,0.520793122,0.550084317,0.438692098
jedit-4.3.csv,0.589867134,0.590379009,0.554083515,0.505993917,0.554083515,0.452736318
log4j-1.1.csv,0,0,0.765770171,0.695652174,0.713057076,0.706546855
log4j-1.1.csv,0,0,0.756596794,0.718637068,0.694006309,0.714655619
log4j-1.1.csv,0,0,0.757205667,0.710900474,0.729086723,0.734897654
log4j-1.1.csv,0,0,0.765770171,0.668156425,0.646153846,0.706546855
log4j-1.1.csv,0,0,0.744536549,0.723140496,0.729086723,0.716174975
log4j-1.1.csv,0,0,0.744536549,0.679802956,0.70459984,0.67653277
log4j-1.1.csv,0,0,0.786854013,0.695652174,0.679802956,0.666132906
log4j-1.1.csv,0,0,0.7506222,0.711649974,0.70459984,0.706546855
log4j-1.1.csv,0,0,0.753363229,0.710900474,0.698174006,0.67653277
log4j-1.1.csv,0,0,0.752988048,0.705506784,0.710900474,0.687797147
log4j-1.1.csv,0,0,0.756596794,0.732019452,0.707368421,0.697358096
log4j-1.1.csv,0,0,0.75,0.675241158,0.713057076,0.666132906
log4j-1.1.csv,0,0,0.731610338,0.684182306,0.726862302,0.67653277
log4j-1.1.csv,0,0,0.717096857,0.696414343,0.744536549,0.723262375
log4j-1.1.csv,0,0,0.767123288,0.674039259,0.696414343,0.686731222
log4j-1.1.csv,0,0,0.746268657,0.718637068,0.734921439,0.706546855
log4j-1.1.csv,0,0,0.753363229,0.695652174,0.668156425,0.74251497
log4j-1.1.csv,0,0,0.746291174,0.718872357,0.73290653,0.67653277
log4j-1.1.csv,0,0,0.756596794,0.73290653,0.683461117,0.686731222
log4j-1.1.csv,0,0,0.756596794,0.689617783,0.718637068,0.734897654
log4j-1.1.csv,0,0,0.729483283,0.679122665,0.72411148,0.706735751
log4j-1.1.csv,0,0,0.744536549,0.717079531,0.683461117,0.687797147
log4j-1.1.csv,0,0,0.751787035,0.765770171,0.694006309,0.687816582
log4j-1.1.csv,0,0,0.740647753,0.679122665,0.701567898,0.678047479
log4j-1.1.csv,0,0,0.7506222,0.717079531,0.712074303,0.715935335
log4j-1.1.csv,0,0,0.773818182,0.689617783,0.710900474,0.668103448
log4j-1.1.csv,0,0,0.767123288,0.717079531,0.729086723,0.715935335
log4j-1.1.csv,0,0,0.746268657,0.723140496,0.729086723,0.74251497
log4j-1.1.csv,0,0,0.759437454,0.766519824,0.752988048,0.666132906
log4j-1.1.csv,0,0,0.778097983,0.695652174,0.746268657,0.706546855
lucene-2.0.csv,0.12371134,0.12371134,0.666262871,0.604929052,0.618951123,0.626567617
lucene-2.0.csv,0.104166667,0.104166667,0.669955295,0.65183432,0.627438541,0.671722644
lucene-2.0.csv,0.104166667,0.104166667,0.61603789,0.576879519,0.613437196,0.647904941
lucene-2.0.csv,0.104166667,0.104166667,0.657131813,0.583418628,0.582995951,0.679384615
lucene-2.0.csv,0.104166667,0.104166667,0.643054787,0.626865672,0.644403015,0.654237819
lucene-2.0.csv,0.104166667,0.104166667,0.63297156,0.616190093,0.56,0.651224665
lucene-2.0.csv,0.104166667,0.104166667,0.633484163,0.592966544,0.557119476,0.654237819
lucene-2.0.csv,0.104166667,0.104166667,0.641156596,0.624129555,0.627438541,0.677783755
lucene-2.0.csv,0.104166667,0.104166667,0.624129555,0.644094242,0.616190093,0.657964258
lucene-2.0.csv,0.104166667,0.104166667,0.669955295,0.643119341,0.648442467,0.658842189
lucene-2.0.csv,0.104166667,0.104166667,0.676801459,0.658119658,0.655177816,0.633484163
lucene-2.0.csv,0.084210526,0.084210526,0.654001869,0.620077091,0.644340148,0.683995768
lucene-2.0.csv,0.104166667,0.104166667,0.635153448,0.65183432,0.646153846,0.659340659
lucene-2.0.csv,0.104166667,0.104166667,0.641439206,0.638176638,0.610224157,0.643862859
lucene-2.0.csv,0.104166667,0.104166667,0.624650531,0.632086077,0.61790927,0.637179487
lucene-2.0.csv,0.104166667,0.104166667,0.643054787,0.618902927,0.638176638,0.646599777
lucene-2.0.csv,0.104166667,0.104166667,0.646153846,0.643054787,0.646990472,0.651364764
lucene-2.0.csv,0.104166667,0.104166667,0.657131813,0.611277839,0.646153846,0.677783755
lucene-2.0.csv,0.12371134,0.12371134,0.643054787,0.599039515,0.627438541,0.686181076
lucene-2.0.csv,0.104166667,0.104166667,0.680689498,0.627269726,0.627120006,0.654816425
lucene-2.0.csv,0.084210526,0.084210526,0.638176638,0.599039515,0.618902927,0.647573964
lucene-2.0.csv,0.104166667,0.104166667,0.646153846,0.63556625,0.603454954,0.670419012
lucene-2.0.csv,0.104166667,0.104166667,0.669955295,0.638656775,0.621821693,0.650450166
lucene-2.0.csv,0.12371134,0.12371134,0.658473983,0.63289556,0.615384615,0.643862859
lucene-2.0.csv,0.104166667,0.104166667,0.660218025,0.62680961,0.629370629,0.626567617
lucene-2.0.csv,0.084210526,0.084210526,0.655737705,0.643054787,0.621576566,0.697969352
lucene-2.0.csv,0.12371134,0.12371134,0.649208947,0.62897355,0.641025641,0.687959214
lucene-2.0.csv,0.104166667,0.104166667,0.67340222,0.639910814,0.610079576,0.640894418
lucene-2.0.csv,0.12371134,0.12371134,0.641439206,0.62680961,0.593596674,0.656943464
lucene-2.0.csv,0.104166667,0.104166667,0.647607013,0.59602649,0.633484163,0.673483616
poi-2.0.csv,0.35463181,0.35463181,0.516542558,0.612291874,0.537400145,0.468577532
poi-2.0.csv,0.35463181,0.35463181,0.545550661,0.612883052,0.608784796,0.482164822
poi-2.0.csv,0.354397394,0.354397394,0.528847926,0.601417323,0.525333092,0.489116732
poi-2.0.csv,0.354397394,0.354397394,0.55309075,0.646798637,0.530116143,0.490937073
poi-2.0.csv,0.31725402,0.31725402,0.538836705,0.623471883,0.607011365,0.479381443
poi-2.0.csv,0.278355791,0.31725402,0.520208605,0.637712475,0.637273064,0.49392247
poi-2.0.csv,0.354397394,0.354397394,0.522030117,0.489731438,0.570745861,0.479381443
poi-2.0.csv,0.31725402,0.31725402,0.509428599,0.615575937,0.530116143,0.471231006
poi-2.0.csv,0.31725402,0.31725402,0.530623455,0.498809184,0.51803699,0.464478114
poi-2.0.csv,0.31725402,0.31725402,0.539998208,0.577956989,0.623471883,0.475690101
poi-2.0.csv,0.354397394,0.354397394,0.490419934,0.534835882,0.596866329,0.477138899
poi-2.0.csv,0.31725402,0.31725402,0.511614731,0.509428599,0.520036934,0.483705811
poi-2.0.csv,0.31725402,0.31725402,0.551548205,0.631104433,0.568336742,0.501061224
poi-2.0.csv,0.31744186,0.31744186,0.48844161,0.630702836,0.532245188,0.508114249
poi-2.0.csv,0.354397394,0.354397394,0.509428599,0.560825457,0.606479621,0.475690101
poi-2.0.csv,0.354397394,0.354397394,0.51378564,0.610916055,0.680061824,0.490320455
poi-2.0.csv,0.31744186,0.31744186,0.511614731,0.498263889,0.593123676,0.476542098
poi-2.0.csv,0.31725402,0.31725402,0.546859732,0.486925158,0.544090388,0.482029598
poi-2.0.csv,0.354397394,0.354397394,0.507591774,0.508407703,0.50364204,0.479947832
poi-2.0.csv,0.35463181,0.35463181,0.51378564,0.578810502,0.63823934,0.471975908
poi-2.0.csv,0.31725402,0.31725402,0.523698668,0.493685642,0.524637162,0.485584219
poi-2.0.csv,0.31744186,0.31744186,0.500339377,0.567177017,0.51456678,0.504598356
poi-2.0.csv,0.31725402,0.317065018,0.567983015,0.552338923,0.589741472,0.485506612
poi-2.0.csv,0.354397394,0.354397394,0.506523408,0.51803699,0.525333092,0.480621493
poi-2.0.csv,0.317065018,0.317065018,0.535665975,0.520036934,0.615475313,0.485506612
poi-2.0.csv,0.31725402,0.31725402,0.553352718,0.643274854,0.636939792,0.485584219
poi-2.0.csv,0.278500383,0.278500383,0.506523408,0.513089971,0.509428599,0.473633915
poi-2.0.csv,0.31744186,0.31744186,0.518082422,0.609203681,0.630700263,0.487520371
poi-2.0.csv,0.31725402,0.31725402,0.546389924,0.508407703,0.520485446,0.49392247
poi-2.0.csv,0.31725402,0.31725402,0.554623318,0.612618347,0.602653686,0.489116732
redaktor-1.csv,0,0,0.582230624,0.430503597,0.477766287,0.408253827
redaktor-1.csv,0.071376192,0.071376192,0.59592668,0.442087636,0.465029365,0.454897906
redaktor-1.csv,0,0,0.577946768,0.426742532,0.463022508,0.45320197
redaktor-1.csv,0,0,0.621845426,0.486322188,0.568239259,0.408253827
redaktor-1.csv,0,0,0.559455902,0.488910793,0.468592632,0.441967531
redaktor-1.csv,0,0,0.621845426,0.472105263,0.532258065,0.438569881
redaktor-1.csv,0,0,0.609096373,0.466081405,0.54247191,0.45320197
redaktor-1.csv,0,0,0.59592668,0.48234991,0.47556833,0.482062299
redaktor-1.csv,0,0,0.602941176,0.480182927,0.489237782,0.386297978
redaktor-1.csv,0,0,0.59592668,0.469096672,0.478982875,0.41596824
redaktor-1.csv,0.071376192,0.071376192,0.61339179,0.469096672,0.553674738,0.433927147
redaktor-1.csv,0,0,0.60475423,0.463022508,0.480739599,0.474729696
redaktor-1.csv,0.071376192,0.071376192,0.586466165,0.416788964,0.469096672,0.461740271
redaktor-1.csv,0,0,0.594616312,0.468592632,0.502536845,0.388196721
redaktor-1.csv,0,0,0.570682906,0.456769984,0.516870065,0.460391823
redaktor-1.csv,0,0,0.582230624,0.453574363,0.478982875,0.475367329
redaktor-1.csv,0.071376192,0.071376192,0.61339179,0.456769984,0.563439949,0.445928479
redaktor-1.csv,0,0,0.551065719,0.492175669,0.569894693,0.460551331
redaktor-1.csv,0.071376192,0.071376192,0.621845426,0.456769984,0.500248139,0.445928479
redaktor-1.csv,0,0,0.60475423,0.465029365,0.528243601,0.428025478
redaktor-1.csv,0,0,0.60475423,0.500248139,0.572984293,0.478433201
redaktor-1.csv,0,0,0.584890333,0.433466591,0.50110538,0.445928479
redaktor-1.csv,0,0,0.563576881,0.433466591,0.48234991,0.400446429
redaktor-1.csv,0,0,0.61339179,0.436102677,0.48234991,0.467499471
redaktor-1.csv,0,0,0.563576881,0.439257593,0.48567042,0.443548387
redaktor-1.csv,0,0,0.606946984,0.463022508,0.524099204,0.481473728
redaktor-1.csv,0,0,0.609096373,0.429136081,0.472069237,0.396349413
redaktor-1.csv,0,0,0.600364594,0.481643132,0.478982875,0.423591318
redaktor-1.csv,0,0,0.598890943,0.47556833,0.468592632,0.45320197
redaktor-1.csv,0,0,0.617641229,0.546534653,0.483550115,0.468854655
synapse-1.2.csv,0.150470618,0.130384467,0.688069758,0.630575273,0.606469883,0.543761639
synapse-1.2.csv,0.150470618,0.150470618,0.694507222,0.64516129,0.65140955,0.595669003
synapse-1.2.csv,0.130434783,0.130434783,0.684079602,0.614654149,0.596797037,0.539470854
synapse-1.2.csv,0.130384467,0.130384467,0.675324675,0.584480462,0.5755436,0.535867238
synapse-1.2.csv,0.130434783,0.130434783,0.695200539,0.594339623,0.5939019,0.532082712
synapse-1.2.csv,0.150470618,0.130384467,0.689456182,0.58963259,0.577522378,0.561774023
synapse-1.2.csv,0.130434783,0.130434783,0.674863939,0.580033463,0.5939019,0.556989247
synapse-1.2.csv,0.130434783,0.130434783,0.677419355,0.550691508,0.602606583,0.551582586
synapse-1.2.csv,0.226498345,0.226498345,0.674656853,0.630575273,0.63332624,0.577976873
synapse-1.2.csv,0.150470618,0.130384467,0.691829485,0.598475643,0.569667078,0.550724638
synapse-1.2.csv,0.130384467,0.130384467,0.694091176,0.606469883,0.580033463,0.567223799
synapse-1.2.csv,0.18936753,0.18936753,0.646302928,0.586844368,0.595813903,0.577976873
synapse-1.2.csv,0.18936753,0.18936753,0.667211273,0.592381786,0.555505005,0.532082712
synapse-1.2.csv,0.130434783,0.130434783,0.684079602,0.577393075,0.58963259,0.555160142
synapse-1.2.csv,0.150470618,0.150470618,0.679873217,0.588885206,0.564243886,0.545797132
synapse-1.2.csv,0.130434783,0.130434783,0.691620002,0.610295705,0.598130841,0.572624529
synapse-1.2.csv,0.130384467,0.130384467,0.698441708,0.64516129,0.641745208,0.594677693
synapse-1.2.csv,0.130384467,0.130384467,0.682118552,0.613937206,0.59056625,0.597667332
synapse-1.2.csv,0.130384467,0.130384467,0.667211273,0.626649638,0.564992115,0.556274531
synapse-1.2.csv,0.130434783,0.130434783,0.704995652,0.584480462,0.581691251,0.538300682
synapse-1.2.csv,0.130384467,0.130384467,0.672460294,0.598130841,0.573746144,0.537284272
synapse-1.2.csv,0.150470618,0.150470618,0.673020969,0.610295705,0.588885206,0.593479846
synapse-1.2.csv,0.130434783,0.130434783,0.686614485,0.610581093,0.602606583,0.532787792
synapse-1.2.csv,0.130384467,0.130384467,0.675396348,0.625859107,0.610581093,0.545123648
synapse-1.2.csv,0.130434783,0.130434783,0.689456182,0.634004237,0.610134095,0.575044083
synapse-1.2.csv,0.130384467,0.130384467,0.691730788,0.625859107,0.606469883,0.537284272
synapse-1.2.csv,0.170127092,0.170127092,0.687185558,0.584480462,0.58963259,0.575476723
synapse-1.2.csv,0.130434783,0.130434783,0.691575303,0.653295728,0.64347734,0.561774023
synapse-1.2.csv,0.150470618,0.150470618,0.673020969,0.620577028,0.610295705,0.564806958
synapse-1.2.csv,0.130434783,0.130434783,0.668353406,0.572139866,0.59455843,0.532082712
tomcat-6.0.389418.csv,0.522569601,0.522772277,0.743345053,0.758558913,0.754911029,0.681187752
tomcat-6.0.389418.csv,0.523979957,0.524975514,0.752351097,0.756403938,0.761829963,0.704115877
tomcat-6.0.389418.csv,0.536907645,0.537118678,0.75133301,0.75351362,0.754961221,0.680818217
tomcat-6.0.389418.csv,0.5366962,0.536907645,0.754961221,0.75711856,0.752746224,0.686790415
tomcat-6.0.389418.csv,0.524179852,0.511117684,0.742643938,0.752351097,0.75644095,0.674285035
tomcat-6.0.389418.csv,0.53648434,0.523979957,0.753224816,0.750279906,0.750978528,0.686967866
tomcat-6.0.389418.csv,0.524379353,0.511493589,0.757795027,0.769891734,0.757520881,0.672992632
tomcat-6.0.389418.csv,0.524578464,0.511493589,0.743345053,0.757123474,0.759887221,0.679251405
tomcat-6.0.389418.csv,0.511868011,0.498243802,0.757795027,0.769153042,0.760044191,0.705814636
tomcat-6.0.389418.csv,0.5373293,0.524379353,0.747526567,0.753451199,0.758352758,0.691867125
tomcat-6.0.389418.csv,0.524578464,0.511493589,0.752040051,0.752746224,0.749600887,0.681444583
tomcat-6.0.389418.csv,0.5366962,0.524379353,0.734851304,0.752928189,0.738495794,0.684053651
tomcat-6.0.389418.csv,0.523779669,0.524179852,0.750290489,0.749873094,0.754830918,0.692777213
tomcat-6.0.389418.csv,0.548861271,0.537118678,0.758558913,0.75093521,0.762525192,0.687292253
tomcat-6.0.389418.csv,0.5366962,0.524379353,0.751332678,0.748219318,0.747198007,0.678953473
tomcat-6.0.389418.csv,0.523176428,0.523377905,0.747673891,0.73692838,0.747526567,0.685998572
tomcat-6.0.389418.csv,0.522974553,0.509980982,0.754961221,0.751819058,0.768663814,0.684527625
tomcat-6.0.389418.csv,0.524777184,0.511117684,0.745441186,0.750268618,0.759918495,0.695493356
tomcat-6.0.389418.csv,0.536272066,0.523377905,0.750624103,0.738568268,0.760149619,0.680348112
tomcat-6.0.389418.csv,0.5373293,0.524578464,0.741754019,0.737383746,0.736952549,0.67047817
tomcat-6.0.389418.csv,0.524975514,0.511680985,0.758470352,0.770019205,0.771741589,0.70496601
tomcat-6.0.389418.csv,0.510929173,0.49753669,0.752746224,0.726323285,0.757841797,0.686372361
tomcat-6.0.389418.csv,0.510929173,0.49753669,0.755558972,0.751601128,0.75351362,0.695664021
tomcat-6.0.389418.csv,0.511680985,0.51261244,0.751665396,0.773627363,0.749650691,0.696401419
tomcat-6.0.389418.csv,0.51036139,0.497713997,0.758470352,0.76048951,0.773694391,0.700700191
tomcat-6.0.389418.csv,0.524379353,0.524578464,0.757123474,0.754401224,0.761925544,0.712549867
tomcat-6.0.389418.csv,0.537749315,0.511493589,0.753451199,0.741941615,0.755617174,0.711313765
tomcat-6.0.389418.csv,0.560917236,0.549308013,0.747063065,0.754238032,0.737260522,0.672373541
tomcat-6.0.389418.csv,0.549308013,0.5373293,0.740261334,0.747673891,0.746137504,0.692966972
tomcat-6.0.389418.csv,0.524777184,0.498067552,0.758470352,0.773388059,0.724383449,0.660896932
velocity-1.6.csv,0.142857143,0.142857143,0.606596527,0.543969039,0.583941606,0.638382764
velocity-1.6.csv,0.164615505,0.164615505,0.656573117,0.650522559,0.619260037,0.621908127
velocity-1.6.csv,0.142857143,0.142857143,0.592651126,0.597333333,0.515508956,0.668650668
velocity-1.6.csv,0.097560976,0.120481928,0.603116646,0.597333333,0.609819121,0.635215503
velocity-1.6.csv,0.142857143,0.142857143,0.60831032,0.557924264,0.547159404,0.67947838
velocity-1.6.csv,0.142857143,0.142857143,0.606596527,0.574760516,0.552185735,0.628671754
velocity-1.6.csv,0.142857143,0.142857143,0.67012987,0.639591282,0.611825193,0.634302909
velocity-1.6.csv,0.164705882,0.164705882,0.615186946,0.643902439,0.590159428,0.631247909
velocity-1.6.csv,0.142857143,0.142857143,0.604865391,0.592207792,0.617169985,0.640275387
velocity-1.6.csv,0.142857143,0.142857143,0.60831032,0.606388738,0.571840461,0.637796847
velocity-1.6.csv,0.164705882,0.164705882,0.604865391,0.595174263,0.612924717,0.638765645
velocity-1.6.csv,0.142857143,0.142857143,0.60831032,0.596239686,0.562991583,0.602606552
velocity-1.6.csv,0.142857143,0.142857143,0.606596527,0.624187939,0.606388738,0.589505506
velocity-1.6.csv,0.120481928,0.120481928,0.615186946,0.590359002,0.588459186,0.653344579
velocity-1.6.csv,0.142857143,0.142857143,0.60831032,0.595174263,0.562883544,0.6473568
velocity-1.6.csv,0.120481928,0.120481928,0.60831032,0.610768819,0.583941606,0.649755461
velocity-1.6.csv,0.164705882,0.164705882,0.610007029,0.604163832,0.573574599,0.655559861
velocity-1.6.csv,0.142857143,0.142857143,0.616977755,0.59423443,0.567897882,0.616271885
velocity-1.6.csv,0.164705882,0.164705882,0.646952848,0.609819121,0.598223897,0.609156156
velocity-1.6.csv,0.120481928,0.120481928,0.58360352,0.609705192,0.570087653,0.622185837
velocity-1.6.csv,0.120481928,0.120481928,0.599303136,0.61297057,0.615776081,0.618593482
velocity-1.6.csv,0.142857143,0.142857143,0.60831032,0.600187391,0.566279863,0.624923682
velocity-1.6.csv,0.164705882,0.164705882,0.642996048,0.592238886,0.615058324,0.617707618
velocity-1.6.csv,0.120481928,0.097560976,0.586809876,0.590945195,0.587479936,0.619954927
velocity-1.6.csv,0.142857143,0.142857143,0.60831032,0.65404475,0.587479936,0.661101836
velocity-1.6.csv,0.142857143,0.142857143,0.604865391,0.601583113,0.557924264,0.59885326
velocity-1.6.csv,0.142857143,0.142857143,0.615186946,0.607792208,0.611825193,0.646003263
velocity-1.6.csv,0.142857143,0.142857143,0.59766537,0.550068213,0.534220665,0.635215503
velocity-1.6.csv,0.142857143,0.142857143,0.603116646,0.637591663,0.59409915,0.627429878
velocity-1.6.csv,0.142857143,0.142857143,0.606596527,0.557924264,0.574574716,0.628915663
xalan-2.6.csv,0.144313271,0.148483228,0.523346616,0.635543587,0.574150019,0.561497326
xalan-2.6.csv,0.144198976,0.144175841,0.541855112,0.599587008,0.619995038,0.560186132
xalan-2.6.csv,0.127405363,0.127405363,0.52068818,0.636185594,0.545182739,0.572216566
xalan-2.6.csv,0.135895716,0.135915831,0.524125888,0.652330845,0.604959465,0.599805258
xalan-2.6.csv,0.123173859,0.123173859,0.522417896,0.665756889,0.652501347,0.524064171
xalan-2.6.csv,0.1316692,0.131650241,0.558062827,0.630819967,0.654406834,0.609287659
xalan-2.6.csv,0.13587552,0.13587552,0.558614301,0.600330824,0.61188785,0.580917368
xalan-2.6.csv,0.118856266,0.123140751,0.506112168,0.598824457,0.582860744,0.585141182
xalan-2.6.csv,0.176975896,0.176975896,0.525503246,0.661783173,0.634799235,0.614943212
xalan-2.6.csv,0.123173859,0.123173859,0.525815992,0.525060352,0.603858576,0.589831683
xalan-2.6.csv,0.177182123,0.181205202,0.583533456,0.586856921,0.635860143,0.557681054
xalan-2.6.csv,0.114608839,0.114608839,0.52377491,0.6354388,0.594856841,0.62201279
xalan-2.6.csv,0.144244968,0.148410921,0.513866366,0.656380961,0.64469914,0.640561778
xalan-2.6.csv,0.118917706,0.118917706,0.50520121,0.626441058,0.621472959,0.542188572
xalan-2.6.csv,0.144267826,0.144267826,0.50520121,0.625354709,0.595830554,0.602643841
xalan-2.6.csv,0.114594658,0.123190313,0.51396405,0.615374668,0.649195837,0.632788162
xalan-2.6.csv,0.148459222,0.152608817,0.58742863,0.528720737,0.635491894,0.604123617
xalan-2.6.csv,0.127440804,0.123173859,0.506197743,0.607543013,0.618712818,0.551981278
xalan-2.6.csv,0.205015881,0.205015881,0.616018731,0.642678768,0.653851577,0.597681026
xalan-2.6.csv,0.135915831,0.135915831,0.51802047,0.607940447,0.580015819,0.517870368
xalan-2.6.csv,0.127458418,0.127458418,0.50729732,0.631167788,0.599719269,0.606865893
xalan-2.6.csv,0.127440804,0.131688083,0.520426473,0.623008066,0.627197055,0.511147306
xalan-2.6.csv,0.208775516,0.208775516,0.583951461,0.602113156,0.639142374,0.528239295
xalan-2.6.csv,0.1316692,0.1316692,0.531288111,0.640805865,0.610354223,0.590286729
xalan-2.6.csv,0.131706891,0.135935866,0.556854633,0.648022458,0.636781054,0.594044768
xalan-2.6.csv,0.127423119,0.127423119,0.544501406,0.575237585,0.614304487,0.595931348
xalan-2.6.csv,0.152506335,0.152506335,0.559335474,0.579869569,0.602948121,0.581079638
xalan-2.6.csv,0.11888711,0.11888711,0.525141471,0.664813785,0.646739496,0.585294169
xalan-2.6.csv,0.127458418,0.123206702,0.542576123,0.615889257,0.617819296,0.551851662
xalan-2.6.csv,0.131688083,0.127440804,0.516417788,0.543145582,0.643602837,0.524917862
xerces-1.3.csv,0.27388939,0.27388939,0.565620961,0.643249542,0.613188307,0.698659329
xerces-1.3.csv,0.315459883,0.3153215,0.587592302,0.58771616,0.607734807,0.694582485
xerces-1.3.csv,0.295007415,0.295007415,0.603068864,0.635437882,0.674424242,0.655564184
xerces-1.3.csv,0.294887039,0.294887039,0.563373608,0.595903166,0.589452391,0.67114094
xerces-1.3.csv,0.295007415,0.295007415,0.551279757,0.589452391,0.623572433,0.683562872
xerces-1.3.csv,0.294887039,0.294887039,0.564501858,0.617137622,0.623572433,0.714489311
xerces-1.3.csv,0.294766114,0.294766114,0.588834839,0.570199032,0.650954357,0.689683384
xerces-1.3.csv,0.294887039,0.294887039,0.574458683,0.647711434,0.640161047,0.665002496
xerces-1.3.csv,0.294887039,0.294887039,0.576247365,0.617137622,0.602430258,0.72702332
xerces-1.3.csv,0.294887039,0.294887039,0.548572806,0.622161979,0.667541629,0.689206762
xerces-1.3.csv,0.273992674,0.273992674,0.587592302,0.636232743,0.656478405,0.699368626
xerces-1.3.csv,0.252223011,0.252223011,0.563938883,0.572648053,0.699778551,0.735241594
xerces-1.3.csv,0.294887039,0.294887039,0.591898168,0.613188307,0.64171123,0.709302018
xerces-1.3.csv,0.27388939,0.27388939,0.574458683,0.617137622,0.650954357,0.659340659
xerces-1.3.csv,0.315182491,0.315182491,0.563938883,0.542414708,0.576247365,0.666440601
xerces-1.3.csv,0.294887039,0.294887039,0.589452391,0.575653552,0.609800051,0.71825864
xerces-1.3.csv,0.295246531,0.295246531,0.562236099,0.6261038,0.588214814,0.68875041
xerces-1.3.csv,0.295007415,0.294887039,0.623572433,0.607734807,0.60842595,0.692545071
xerces-1.3.csv,0.295127244,0.295127244,0.563938883,0.617863878,0.620685671,0.646545942
xerces-1.3.csv,0.295127244,0.295127244,0.576247365,0.577281192,0.563373608,0.702650447
xerces-1.3.csv,0.295007415,0.295007415,0.55020369,0.618587276,0.599199147,0.711858136
xerces-1.3.csv,0.294766114,0.294766114,0.602430258,0.610483042,0.622161979,0.691748749
xerces-1.3.csv,0.295127244,0.295246531,0.561089215,0.609114359,0.588834839,0.675619318
xerces-1.3.csv,0.294766114,0.294766114,0.599850497,0.597888648,0.589452391,0.686331054
xerces-1.3.csv,0.295246531,0.295246531,0.55020369,0.684547854,0.609114359,0.73982373
xerces-1.3.csv,0.294766114,0.294766114,0.599199147,0.639381461,0.597229467,0.694393443
xerces-1.3.csv,0.273785628,0.294887039,0.590067486,0.640161047,0.620740489,0.720466369
xerces-1.3.csv,0.294766114,0.294766114,0.562236099,0.602105263,0.611163347,0.668010076
xerces-1.3.csv,0.295007415,0.295007415,0.587592302,0.643249542,0.674829932,0.681215303
xerces-1.3.csv,0.295007415,0.295007415,0.576247365,0.616408491,0.654148136,0.688492707
