testfile,Naive_CPDP_NB,Zscore_CPDP_NB,Zscore_SMOTE_CPDP_NB,Zscore_SMOTE_iFF_CPDP_NB,Zscore_WiFF_CPDP_NB,Zscore_WiFFplusL_CPDP_NB
ant-1.7.csv,0.35286285,0.35286285,0.446313066,0.499479709,0.490506329,0.666969147
ant-1.7.csv,0.32885906,0.32885906,0.422626788,0.606508876,0.467336683,0.64546305
ant-1.7.csv,0.32885906,0.32885906,0.420439845,0.538302277,0.436793422,0.670339761
ant-1.7.csv,0.32974428,0.32974428,0.440985733,0.347734457,0.377258236,0.67867036
ant-1.7.csv,0.323450135,0.323450135,0.410691004,0.468085106,0.357905983,0.652372263
ant-1.7.csv,0.33557047,0.33557047,0.434500649,0.474413646,0.338888889,0.670009116
ant-1.7.csv,0.342281879,0.342281879,0.477707006,0.533399801,0.466738197,0.654817587
ant-1.7.csv,0.322580645,0.322580645,0.435064935,0.524475524,0.484210526,0.667886551
ant-1.7.csv,0.322580645,0.322580645,0.448143406,0.549019608,0.43983822,0.672191529
ant-1.7.csv,0.322580645,0.322580645,0.39921466,0.437837838,0.393313668,0.663919414
ant-1.7.csv,0.322147651,0.322147651,0.42153048,0.550847458,0.544502618,0.659090909
ant-1.7.csv,0.315436242,0.315436242,0.413436693,0.54670913,0.452716298,0.67679558
ant-1.7.csv,0.322147651,0.322147651,0.413436693,0.56331007,0.438066465,0.661424607
ant-1.7.csv,0.35286285,0.35286285,0.442307692,0.425311203,0.452755906,0.657169118
ant-1.7.csv,0.309973046,0.309973046,0.39921466,0.478947368,0.452182952,0.677655678
ant-1.7.csv,0.32885906,0.32885906,0.475285171,0.551142006,0.497584541,0.679425837
ant-1.7.csv,0.327540107,0.327102804,0.437017995,0.456410256,0.509885536,0.648648649
ant-1.7.csv,0.322147651,0.322147651,0.420439845,0.514780836,0.517948718,0.676043557
ant-1.7.csv,0.31628533,0.31628533,0.417209909,0.467005076,0.481675393,0.666049954
ant-1.7.csv,0.333333333,0.333333333,0.446428571,0.461538462,0.450404858,0.673791822
ant-1.7.csv,0.322580645,0.322580645,0.422626788,0.495951417,0.501033058,0.648648649
ant-1.7.csv,0.323014805,0.32974428,0.439276486,0.490506329,0.45026178,0.66359447
ant-1.7.csv,0.309973046,0.309973046,0.424281984,0.50686378,0.421621622,0.675046555
ant-1.7.csv,0.347129506,0.347129506,0.434500649,0.488565489,0.512953368,0.670675301
ant-1.7.csv,0.32885906,0.335120643,0.411227154,0.455497382,0.558823529,0.666666667
ant-1.7.csv,0.322147651,0.322147651,0.404172099,0.486631016,0.447609359,0.669144981
ant-1.7.csv,0.322580645,0.322580645,0.458598726,0.572666025,0.466269841,0.641143911
ant-1.7.csv,0.347129506,0.347129506,0.444587629,0.49946865,0.512077295,0.681818182
ant-1.7.csv,0.335120643,0.335120643,0.415584416,0.430051813,0.402298851,0.670620438
ant-1.7.csv,0.353333333,0.353333333,0.47133758,0.444560669,0.464426877,0.65849228
arc-1.csv,0.203252033,0.203252033,0.277777778,0.432432432,0.373563218,0.41025641
arc-1.csv,0.243902439,0.243902439,0.419847328,0.435897436,0.378787879,0.406091371
arc-1.csv,0.203252033,0.203252033,0.384615385,0.423728814,0.350877193,0.431472081
arc-1.csv,0.241935484,0.241935484,0.419847328,0.432432432,0.340909091,0.427135678
arc-1.csv,0.203252033,0.203252033,0.275590551,0.459183673,0.432432432,0.429292929
arc-1.csv,0.241935484,0.241935484,0.419847328,0.427135678,0.386740331,0.412371134
arc-1.csv,0.203252033,0.203252033,0.275590551,0.432432432,0.412087912,0.406091371
arc-1.csv,0.203252033,0.203252033,0.241935484,0.376344086,0.316091954,0.447368421
arc-1.csv,0.203252033,0.203252033,0.275590551,0.432432432,0.423280423,0.406091371
arc-1.csv,0.203252033,0.203252033,0.384615385,0.397727273,0.423728814,0.429292929
arc-1.csv,0.203252033,0.203252033,0.241935484,0.434782609,0.407608696,0.442708333
arc-1.csv,0.203252033,0.203252033,0.275590551,0.378378378,0.402843602,0.433673469
arc-1.csv,0.241935484,0.241935484,0.3515625,0.435897436,0.412087912,0.433673469
arc-1.csv,0.241935484,0.241935484,0.419847328,0.430107527,0.375722543,0.427135678
arc-1.csv,0.241935484,0.241935484,0.277777778,0.433673469,0.412371134,0.416666667
arc-1.csv,0.203252033,0.203252033,0.275590551,0.43956044,0.427807487,0.427135678
arc-1.csv,0.203252033,0.203252033,0.241935484,0.416666667,0.323529412,0.440414508
arc-1.csv,0.241935484,0.241935484,0.419847328,0.41025641,0.401069519,0.422885572
arc-1.csv,0.203252033,0.203252033,0.277777778,0.350877193,0.423280423,0.429292929
arc-1.csv,0.241935484,0.241935484,0.348837209,0.407608696,0.423728814,0.408163265
arc-1.csv,0.203252033,0.203252033,0.31496063,0.434782609,0.430107527,0.431472081
arc-1.csv,0.241935484,0.241935484,0.423076923,0.454545455,0.384615385,0.429292929
arc-1.csv,0.203252033,0.203252033,0.241935484,0.442708333,0.416666667,0.412371134
arc-1.csv,0.241935484,0.241935484,0.3515625,0.411764706,0.428571429,0.43814433
arc-1.csv,0.241935484,0.241935484,0.384615385,0.373563218,0.43715847,0.431472081
arc-1.csv,0.241935484,0.241935484,0.419847328,0.402298851,0.325443787,0.422885572
arc-1.csv,0.203252033,0.203252033,0.416666667,0.394736842,0.303867403,0.414634146
arc-1.csv,0.241935484,0.241935484,0.419847328,0.414507772,0.317919075,0.422885572
arc-1.csv,0.241935484,0.241935484,0.275590551,0.456989247,0.372670807,0.425
arc-1.csv,0.203252033,0.203252033,0.275590551,0.416666667,0.431034483,0.433673469
camel-1.6.csv,0.132370638,0.132370638,0.171428571,0.387811634,0.256410256,0.445326279
camel-1.6.csv,0.132689988,0.132689988,0.15771028,0.312787489,0.293269231,0.37248028
camel-1.6.csv,0.138221154,0.138221154,0.16374269,0.285442436,0.302884615,0.443655723
camel-1.6.csv,0.132689988,0.132689988,0.158450704,0.257575758,0.270793037,0.441680961
camel-1.6.csv,0.132850242,0.132850242,0.166284404,0.321057602,0.295238095,0.427689594
camel-1.6.csv,0.132689988,0.132689988,0.157526254,0.263915547,0.282220132,0.427312775
camel-1.6.csv,0.150240385,0.150240385,0.159010601,0.314585319,0.25,0.439461883
camel-1.6.csv,0.138387485,0.138387485,0.153664303,0.350961538,0.289449113,0.369036904
camel-1.6.csv,0.138387485,0.138387485,0.162790698,0.286561265,0.286844708,0.37677305
camel-1.6.csv,0.126811594,0.126811594,0.158450704,0.270642202,0.266599598,0.423875433
camel-1.6.csv,0.138888889,0.138888889,0.159010601,0.301383399,0.259222333,0.389725421
camel-1.6.csv,0.133171913,0.133171913,0.158450704,0.359813084,0.328431373,0.377697842
camel-1.6.csv,0.132689988,0.132689988,0.158450704,0.270137525,0.289499509,0.379803396
camel-1.6.csv,0.138554217,0.138554217,0.162790698,0.349149508,0.362445415,0.444250871
camel-1.6.csv,0.138721351,0.138721351,0.152941176,0.305528613,0.283109405,0.430728242
camel-1.6.csv,0.133819951,0.133819951,0.147579693,0.342205323,0.323671498,0.366079703
camel-1.6.csv,0.132689988,0.132689988,0.150289017,0.384615385,0.296404276,0.424610052
camel-1.6.csv,0.13253012,0.13253012,0.156431054,0.303468208,0.290697674,0.400696864
camel-1.6.csv,0.133171913,0.133171913,0.147232038,0.369158879,0.258789063,0.344982079
camel-1.6.csv,0.132689988,0.132689988,0.158450704,0.339851024,0.298229264,0.348324515
camel-1.6.csv,0.132689988,0.132689988,0.152761457,0.319351764,0.308411215,0.434591747
camel-1.6.csv,0.132689988,0.132689988,0.158450704,0.291173794,0.348837209,0.437828371
camel-1.6.csv,0.132689988,0.132689988,0.160734788,0.291666667,0.288632327,0.433848797
camel-1.6.csv,0.133495146,0.133495146,0.158636898,0.43915828,0.279162512,0.438675022
camel-1.6.csv,0.132689988,0.132689988,0.158264947,0.334883721,0.295238095,0.442594216
camel-1.6.csv,0.127582017,0.127582017,0.158636898,0.293834297,0.269016698,0.422661871
camel-1.6.csv,0.132211538,0.132211538,0.177142857,0.336174242,0.293005671,0.388086643
camel-1.6.csv,0.13253012,0.13253012,0.156794425,0.30583874,0.283479961,0.444064902
camel-1.6.csv,0.132689988,0.132689988,0.158264947,0.262376238,0.26183283,0.433628319
camel-1.6.csv,0.133657351,0.133657351,0.153121319,0.28189911,0.259865255,0.387387387
ivy-2.0.csv,0.43902439,0.43902439,0.416666667,0.431034483,0.422794118,0.528700906
ivy-2.0.csv,0.443349754,0.443349754,0.420560748,0.443686007,0.404929577,0.53125
ivy-2.0.csv,0.434782609,0.434782609,0.409090909,0.4,0.402097902,0.540123457
ivy-2.0.csv,0.441176471,0.441176471,0.420560748,0.448275862,0.348837209,0.50872093
ivy-2.0.csv,0.443349754,0.443349754,0.420560748,0.43071161,0.418250951,0.535168196
ivy-2.0.csv,0.434782609,0.434782609,0.420560748,0.56122449,0.422297297,0.513196481
ivy-2.0.csv,0.436893204,0.436893204,0.412844037,0.523809524,0.397923875,0.553846154
ivy-2.0.csv,0.443349754,0.443349754,0.422535211,0.434782609,0.410958904,0.538461538
ivy-2.0.csv,0.436893204,0.436893204,0.422535211,0.449438202,0.397727273,0.540123457
ivy-2.0.csv,0.432692308,0.432692308,0.412844037,0.402684564,0.347490347,0.548780488
ivy-2.0.csv,0.434782609,0.434782609,0.412844037,0.546875,0.472027972,0.533536585
ivy-2.0.csv,0.434782609,0.434782609,0.422535211,0.411985019,0.416666667,0.525525526
ivy-2.0.csv,0.441176471,0.441176471,0.416666667,0.552050473,0.462633452,0.497076023
ivy-2.0.csv,0.43902439,0.43902439,0.422535211,0.413533835,0.437062937,0.50955414
ivy-2.0.csv,0.441176471,0.441176471,0.422535211,0.521472393,0.396551724,0.552147239
ivy-2.0.csv,0.436893204,0.436893204,0.416666667,0.529595016,0.428571429,0.542168675
ivy-2.0.csv,0.436893204,0.436893204,0.414746544,0.53968254,0.412371134,0.535168196
ivy-2.0.csv,0.436893204,0.436893204,0.418604651,0.433212996,0.390334572,0.546875
ivy-2.0.csv,0.441176471,0.441176471,0.418604651,0.508474576,0.415162455,0.550458716
ivy-2.0.csv,0.441176471,0.441176471,0.424528302,0.437710438,0.406360424,0.529411765
ivy-2.0.csv,0.436893204,0.436893204,0.420560748,0.525423729,0.540983607,0.503144654
ivy-2.0.csv,0.436893204,0.436893204,0.416666667,0.424354244,0.411184211,0.523952096
ivy-2.0.csv,0.436893204,0.436893204,0.412844037,0.560897436,0.470383275,0.52173913
ivy-2.0.csv,0.436893204,0.436893204,0.420560748,0.508196721,0.358490566,0.545454545
ivy-2.0.csv,0.43902439,0.43902439,0.418604651,0.559210526,0.379061372,0.536809816
ivy-2.0.csv,0.436893204,0.436893204,0.418604651,0.384615385,0.321969697,0.523255814
ivy-2.0.csv,0.436893204,0.436893204,0.418604651,0.543478261,0.329457364,0.523952096
ivy-2.0.csv,0.432692308,0.432692308,0.418604651,0.501792115,0.424354244,0.533536585
ivy-2.0.csv,0.436893204,0.436893204,0.416666667,0.438311688,0.362318841,0.526315789
ivy-2.0.csv,0.445544554,0.445544554,0.418604651,0.402930403,0.335820896,0.540540541
jedit-4.3.csv,0.177304965,0.177304965,0.159235669,0.064724919,0.071428571,0.103857567
jedit-4.3.csv,0.177304965,0.177304965,0.161290323,0.084175084,0.073529412,0.100864553
jedit-4.3.csv,0.176056338,0.176056338,0.157232704,0.064724919,0.062305296,0.102639296
jedit-4.3.csv,0.174825175,0.174825175,0.16025641,0.068965517,0.069444444,0.101449275
jedit-4.3.csv,0.172413793,0.172413793,0.152439024,0.070671378,0.075471698,0.101449275
jedit-4.3.csv,0.177304965,0.177304965,0.163398693,0.076335878,0.074074074,0.100574713
jedit-4.3.csv,0.178571429,0.178571429,0.157232704,0.068728522,0.077821012,0.0997151
jedit-4.3.csv,0.177304965,0.177304965,0.161290323,0.066225166,0.067567568,0.100286533
jedit-4.3.csv,0.177304965,0.177304965,0.163398693,0.071174377,0.071174377,0.100286533
jedit-4.3.csv,0.177304965,0.177304965,0.159235669,0.070175439,0.06779661,0.100574713
jedit-4.3.csv,0.177304965,0.177304965,0.16025641,0.08097166,0.099337748,0.102040816
jedit-4.3.csv,0.174825175,0.174825175,0.159235669,0.060606061,0.071428571,0.101156069
jedit-4.3.csv,0.177304965,0.177304965,0.16025641,0.076335878,0.067567568,0.103550296
jedit-4.3.csv,0.178571429,0.178571429,0.162337662,0.06993007,0.074626866,0.103244838
jedit-4.3.csv,0.178571429,0.177304965,0.165562914,0.114379085,0.06779661,0.108695652
jedit-4.3.csv,0.178571429,0.178571429,0.16025641,0.073529412,0.069686411,0.103244838
jedit-4.3.csv,0.179856115,0.179856115,0.162337662,0.076335878,0.073800738,0.104166667
jedit-4.3.csv,0.177304965,0.177304965,0.161290323,0.079113924,0.071684588,0.100864553
jedit-4.3.csv,0.177304965,0.177304965,0.16025641,0.077160494,0.074349442,0.104790419
jedit-4.3.csv,0.177304965,0.177304965,0.16025641,0.072202166,0.078431373,0.100574713
jedit-4.3.csv,0.176056338,0.176056338,0.154320988,0.066445183,0.070422535,0.100864553
jedit-4.3.csv,0.177304965,0.177304965,0.162337662,0.119047619,0.073800738,0.104477612
jedit-4.3.csv,0.174825175,0.174825175,0.152439024,0.103550296,0.072727273,0.102040816
jedit-4.3.csv,0.176056338,0.176056338,0.159235669,0.06993007,0.070175439,0.100286533
jedit-4.3.csv,0.173611111,0.173611111,0.153374233,0.066889632,0.076335878,0.100286533
jedit-4.3.csv,0.176056338,0.176056338,0.153374233,0.071174377,0.074626866,0.105105105
jedit-4.3.csv,0.177304965,0.177304965,0.155279503,0.072463768,0.078431373,0.101744186
jedit-4.3.csv,0.177304965,0.177304965,0.159235669,0.074626866,0.071428571,0.105105105
jedit-4.3.csv,0.177304965,0.177304965,0.16025641,0.087719298,0.069204152,0.103857567
jedit-4.3.csv,0.178571429,0.178571429,0.162337662,0.072202166,0.068259386,0.0997151
log4j-1.1.csv,0.066225166,0.066225166,0.25477707,0.680628272,0.685279188,0.695187166
log4j-1.1.csv,0.033557047,0.033557047,0.162337662,0.659340659,0.612244898,0.695876289
log4j-1.1.csv,0.066225166,0.066225166,0.224358974,0.604395604,0.641025641,0.692307692
log4j-1.1.csv,0.033333333,0.033333333,0.25477707,0.651041667,0.56122449,0.710526316
log4j-1.1.csv,0.066225166,0.066225166,0.25477707,0.675675676,0.615384615,0.699481865
log4j-1.1.csv,0.066225166,0.066225166,0.25477707,0.691489362,0.586734694,0.721925134
log4j-1.1.csv,0.033333333,0.033333333,0.193548387,0.664893617,0.564102564,0.710526316
log4j-1.1.csv,0.033333333,0.033333333,0.130718954,0.614973262,0.567010309,0.677083333
log4j-1.1.csv,0.066225166,0.066225166,0.193548387,0.654450262,0.535714286,0.692307692
log4j-1.1.csv,0.066225166,0.066225166,0.25477707,0.725806452,0.681818182,0.706806283
log4j-1.1.csv,0.066225166,0.066225166,0.25477707,0.672043011,0.578947368,0.692307692
log4j-1.1.csv,0.098684211,0.098684211,0.25477707,0.702702703,0.558375635,0.703125
log4j-1.1.csv,0.066225166,0.066225166,0.224358974,0.642458101,0.57591623,0.647668394
log4j-1.1.csv,0.066225166,0.066225166,0.224358974,0.631578947,0.580808081,0.695876289
log4j-1.1.csv,0.066225166,0.066225166,0.162337662,0.634920635,0.481283422,0.721649485
log4j-1.1.csv,0.066225166,0.066225166,0.25477707,0.634920635,0.592783505,0.692307692
log4j-1.1.csv,0.033333333,0.033333333,0.25477707,0.706521739,0.659898477,0.718085106
log4j-1.1.csv,0.066225166,0.066225166,0.25477707,0.679347826,0.656565657,0.699481865
log4j-1.1.csv,0.033333333,0.033333333,0.162337662,0.64171123,0.692307692,0.710526316
log4j-1.1.csv,0.066225166,0.066225166,0.224358974,0.607734807,0.56122449,0.706806283
log4j-1.1.csv,0.066225166,0.066225166,0.224358974,0.698924731,0.612244898,0.654450262
log4j-1.1.csv,0.066225166,0.066225166,0.224358974,0.677083333,0.538461538,0.692307692
log4j-1.1.csv,0.098684211,0.098684211,0.193548387,0.594594595,0.520833333,0.651041667
log4j-1.1.csv,0.098684211,0.098684211,0.25477707,0.638297872,0.583756345,0.695876289
log4j-1.1.csv,0.098684211,0.098684211,0.224358974,0.675675676,0.612244898,0.675675676
log4j-1.1.csv,0.066225166,0.066225166,0.25477707,0.585106383,0.592783505,0.699481865
log4j-1.1.csv,0.033333333,0.033333333,0.25477707,0.680628272,0.515463918,0.706806283
log4j-1.1.csv,0.033333333,0.033333333,0.193548387,0.598958333,0.651041667,0.684210526
log4j-1.1.csv,0.066225166,0.066225166,0.224358974,0.64516129,0.653266332,0.706806283
log4j-1.1.csv,0.066225166,0.066225166,0.193548387,0.591397849,0.567010309,0.695876289
lucene-2.0.csv,0.107238606,0.107238606,0.221354167,0.604026846,0.592841163,0.729166667
lucene-2.0.csv,0.107238606,0.107238606,0.159151194,0.711159737,0.613839286,0.761099366
lucene-2.0.csv,0.120320856,0.120320856,0.146276596,0.445205479,0.573593074,0.70212766
lucene-2.0.csv,0.107238606,0.107238606,0.146276596,0.597345133,0.449308756,0.71278826
lucene-2.0.csv,0.107238606,0.107238606,0.208877285,0.526315789,0.401891253,0.72327044
lucene-2.0.csv,0.107238606,0.107238606,0.146276596,0.507900677,0.446224256,0.720338983
lucene-2.0.csv,0.107238606,0.107238606,0.146276596,0.586907449,0.475638051,0.685654008
lucene-2.0.csv,0.119680851,0.119680851,0.145502646,0.483870968,0.478359909,0.717299578
lucene-2.0.csv,0.120320856,0.120320856,0.146276596,0.582959641,0.480549199,0.754132231
lucene-2.0.csv,0.106951872,0.106951872,0.146276596,0.555555556,0.607064018,0.729166667
lucene-2.0.csv,0.107238606,0.107238606,0.159151194,0.561797753,0.611587983,0.70083682
lucene-2.0.csv,0.107238606,0.107238606,0.208877285,0.519630485,0.538116592,0.71888412
lucene-2.0.csv,0.107238606,0.107238606,0.171957672,0.601750547,0.517241379,0.674518201
lucene-2.0.csv,0.120320856,0.120320856,0.184210526,0.495391705,0.579868709,0.721868365
lucene-2.0.csv,0.107238606,0.107238606,0.171503958,0.620767494,0.429234339,0.692963753
lucene-2.0.csv,0.107238606,0.107238606,0.146276596,0.575620767,0.574324324,0.668103448
lucene-2.0.csv,0.107238606,0.107238606,0.183727034,0.503432494,0.460829493,0.739583333
lucene-2.0.csv,0.107238606,0.107238606,0.183727034,0.432242991,0.475113122,0.727848101
lucene-2.0.csv,0.107238606,0.107238606,0.196335079,0.505617978,0.461711712,0.71278826
lucene-2.0.csv,0.107238606,0.107238606,0.233766234,0.623608018,0.625,0.717299578
lucene-2.0.csv,0.107238606,0.107238606,0.171503958,0.464037123,0.520361991,0.695931478
lucene-2.0.csv,0.107238606,0.107238606,0.146276596,0.616591928,0.601336303,0.721982759
lucene-2.0.csv,0.107238606,0.107238606,0.146276596,0.495391705,0.511363636,0.715789474
lucene-2.0.csv,0.107238606,0.107238606,0.146276596,0.475638051,0.418604651,0.687103594
lucene-2.0.csv,0.107238606,0.107238606,0.146666667,0.491803279,0.570175439,0.692963753
lucene-2.0.csv,0.107238606,0.107238606,0.183727034,0.616591928,0.503432494,0.697674419
lucene-2.0.csv,0.120320856,0.120320856,0.159151194,0.537757437,0.591517857,0.709606987
lucene-2.0.csv,0.120320856,0.120320856,0.171957672,0.615212528,0.484234234,0.735607676
lucene-2.0.csv,0.107238606,0.107238606,0.221354167,0.533642691,0.465909091,0.685224839
lucene-2.0.csv,0.107238606,0.107238606,0.158730159,0.556818182,0.570469799,0.706751055
poi-2.0.csv,0.247252747,0.247252747,0.265957447,0.321100917,0.314465409,0.404624277
poi-2.0.csv,0.248618785,0.248618785,0.243243243,0.325342466,0.31152648,0.404624277
poi-2.0.csv,0.248618785,0.248618785,0.289473684,0.361271676,0.347826087,0.384615385
poi-2.0.csv,0.247252747,0.247252747,0.261780105,0.260586319,0.310559006,0.391304348
poi-2.0.csv,0.222222222,0.222222222,0.291005291,0.309597523,0.326086957,0.408163265
poi-2.0.csv,0.222222222,0.222222222,0.265957447,0.334346505,0.38,0.375
poi-2.0.csv,0.222222222,0.222222222,0.244565217,0.376811594,0.228013029,0.409356725
poi-2.0.csv,0.220994475,0.220994475,0.243243243,0.314371257,0.31152648,0.394366197
poi-2.0.csv,0.247252747,0.247252747,0.265957447,0.380434783,0.344311377,0.406976744
poi-2.0.csv,0.245901639,0.245901639,0.239361702,0.367647059,0.448979592,0.392156863
poi-2.0.csv,0.220994475,0.220994475,0.263157895,0.345394737,0.322580645,0.37037037
poi-2.0.csv,0.247252747,0.247252747,0.306122449,0.341246291,0.295031056,0.396600567
poi-2.0.csv,0.247252747,0.247252747,0.264550265,0.377906977,0.293209877,0.393258427
poi-2.0.csv,0.248618785,0.248618785,0.265957447,0.294117647,0.306748466,0.397727273
poi-2.0.csv,0.247252747,0.247252747,0.240641711,0.344311377,0.376984127,0.39017341
poi-2.0.csv,0.248618785,0.248618785,0.289473684,0.315457413,0.26984127,0.398860399
poi-2.0.csv,0.247252747,0.247252747,0.286458333,0.39244186,0.374639769,0.386819484
poi-2.0.csv,0.222222222,0.222222222,0.240641711,0.275229358,0.306451613,0.4
poi-2.0.csv,0.220994475,0.220994475,0.243243243,0.369822485,0.315315315,0.397727273
poi-2.0.csv,0.223463687,0.223463687,0.260416667,0.331325301,0.4375,0.409356725
poi-2.0.csv,0.220994475,0.220994475,0.268817204,0.323076923,0.326086957,0.395480226
poi-2.0.csv,0.248618785,0.248618785,0.241935484,0.3125,0.308641975,0.377094972
poi-2.0.csv,0.248618785,0.248618785,0.265957447,0.348484848,0.394736842,0.402298851
poi-2.0.csv,0.222222222,0.220994475,0.261780105,0.389048991,0.332103321,0.389048991
poi-2.0.csv,0.248618785,0.248618785,0.261780105,0.356083086,0.315457413,0.387931034
poi-2.0.csv,0.248618785,0.248618785,0.241935484,0.353982301,0.324074074,0.4
poi-2.0.csv,0.222222222,0.222222222,0.268817204,0.340236686,0.326460481,0.395480226
poi-2.0.csv,0.222222222,0.222222222,0.291005291,0.333333333,0.318181818,0.398860399
poi-2.0.csv,0.248618785,0.248618785,0.291005291,0.3125,0.339233038,0.401146132
poi-2.0.csv,0.248618785,0.248618785,0.239361702,0.381165919,0.338461538,0.401146132
redaktor-1.csv,0.127118644,0.127118644,0.2734375,0.247524752,0.233160622,0.489361702
redaktor-1.csv,0.128205128,0.128205128,0.243902439,0.252525253,0.269607843,0.511811024
redaktor-1.csv,0.084745763,0.084745763,0.277777778,0.238095238,0.263157895,0.489361702
redaktor-1.csv,0.127118644,0.127118644,0.277777778,0.341463415,0.427927928,0.483193277
redaktor-1.csv,0.128205128,0.128205128,0.28,0.270935961,0.368663594,0.532786885
redaktor-1.csv,0.128205128,0.128205128,0.28,0.270935961,0.253807107,0.489795918
redaktor-1.csv,0.086206897,0.086206897,0.282258065,0.495495495,0.375586854,0.510638298
redaktor-1.csv,0.125,0.125,0.282258065,0.236842105,0.265700483,0.487804878
redaktor-1.csv,0.128205128,0.128205128,0.282258065,0.285714286,0.265700483,0.493562232
redaktor-1.csv,0.128205128,0.128205128,0.282258065,0.27638191,0.379464286,0.483193277
redaktor-1.csv,0.169491525,0.169491525,0.284552846,0.248756219,0.228426396,0.52
redaktor-1.csv,0.128205128,0.128205128,0.282258065,0.28708134,0.226130653,0.534979424
redaktor-1.csv,0.169491525,0.169491525,0.28,0.251256281,0.248756219,0.438596491
redaktor-1.csv,0.208333333,0.208333333,0.275590551,0.384615385,0.306603774,0.479166667
redaktor-1.csv,0.127118644,0.127118644,0.284552846,0.255102041,0.247524752,0.526315789
redaktor-1.csv,0.128205128,0.128205128,0.282258065,0.311004785,0.251256281,0.485232068
redaktor-1.csv,0.169491525,0.169491525,0.284552846,0.37037037,0.253807107,0.483193277
redaktor-1.csv,0.127118644,0.127118644,0.28,0.257731959,0.230769231,0.485232068
redaktor-1.csv,0.169491525,0.169491525,0.284552846,0.27638191,0.480349345,0.485232068
redaktor-1.csv,0.128205128,0.128205128,0.275590551,0.380952381,0.252525253,0.517928287
redaktor-1.csv,0.086206897,0.086206897,0.282258065,0.257731959,0.269607843,0.446428571
redaktor-1.csv,0.168067227,0.168067227,0.277777778,0.252525253,0.265700483,0.487288136
redaktor-1.csv,0.169491525,0.169491525,0.286885246,0.269607843,0.272277228,0.532786885
redaktor-1.csv,0.128205128,0.128205128,0.282258065,0.243902439,0.491071429,0.485232068
redaktor-1.csv,0.128205128,0.128205128,0.284552846,0.256410256,0.228426396,0.524193548
redaktor-1.csv,0.085470085,0.085470085,0.28,0.27638191,0.227272727,0.487288136
redaktor-1.csv,0.166666667,0.166666667,0.277777778,0.25,0.263157895,0.493562232
redaktor-1.csv,0.084745763,0.084745763,0.277777778,0.294117647,0.28708134,0.382882883
redaktor-1.csv,0.128205128,0.128205128,0.28,0.243902439,0.246305419,0.515873016
redaktor-1.csv,0.128205128,0.128205128,0.286885246,0.225,0.204081633,0.52
synapse-1.2.csv,0.303430079,0.303430079,0.432569975,0.692464358,0.681362725,0.69979716
synapse-1.2.csv,0.265957447,0.265957447,0.363636364,0.545243619,0.495391705,0.711422846
synapse-1.2.csv,0.291777188,0.291777188,0.400516796,0.574712644,0.681362725,0.71
synapse-1.2.csv,0.303430079,0.303430079,0.364583333,0.502283105,0.515695067,0.702811245
synapse-1.2.csv,0.304232804,0.304232804,0.423076923,0.678137652,0.69,0.707171315
synapse-1.2.csv,0.328947368,0.328947368,0.433673469,0.642857143,0.478841871,0.705521472
synapse-1.2.csv,0.304232804,0.304232804,0.445292621,0.668016194,0.707171315,0.69979716
synapse-1.2.csv,0.279255319,0.279255319,0.363636364,0.501165501,0.655241935,0.702811245
synapse-1.2.csv,0.3515625,0.3515625,0.453400504,0.663983903,0.669291339,0.714285714
synapse-1.2.csv,0.316622691,0.316622691,0.433673469,0.590909091,0.707171315,0.708582834
synapse-1.2.csv,0.341207349,0.341207349,0.387596899,0.669371197,0.67,0.714285714
synapse-1.2.csv,0.352480418,0.3515625,0.453400504,0.702811245,0.5625,0.707171315
synapse-1.2.csv,0.32808399,0.32808399,0.433673469,0.59602649,0.675944334,0.71
synapse-1.2.csv,0.278514589,0.278514589,0.366492147,0.626373626,0.691382766,0.715705765
synapse-1.2.csv,0.32808399,0.32808399,0.433673469,0.685483871,0.71,0.709939148
synapse-1.2.csv,0.291777188,0.291777188,0.423076923,0.664621677,0.685884692,0.695296524
synapse-1.2.csv,0.316622691,0.316622691,0.433673469,0.664621677,0.653923541,0.707070707
synapse-1.2.csv,0.304232804,0.304232804,0.434782609,0.509478673,0.621359223,0.704225352
synapse-1.2.csv,0.340314136,0.340314136,0.420918367,0.632653061,0.712851406,0.704365079
synapse-1.2.csv,0.291777188,0.291777188,0.433673469,0.71,0.725646123,0.69979716
synapse-1.2.csv,0.341207349,0.341207349,0.433673469,0.670731707,0.714285714,0.702811245
synapse-1.2.csv,0.316622691,0.316622691,0.433673469,0.688259109,0.655105973,0.696969697
synapse-1.2.csv,0.340314136,0.340314136,0.421994885,0.653923541,0.683168317,0.711462451
synapse-1.2.csv,0.316622691,0.316622691,0.441919192,0.678137652,0.67061144,0.698380567
synapse-1.2.csv,0.291777188,0.291777188,0.399484536,0.619369369,0.714285714,0.704225352
synapse-1.2.csv,0.291777188,0.291777188,0.400516796,0.67209776,0.656565657,0.718562874
synapse-1.2.csv,0.328947368,0.328947368,0.423076923,0.665322581,0.692007797,0.696721311
synapse-1.2.csv,0.316622691,0.316622691,0.421994885,0.604026846,0.667330677,0.708582834
synapse-1.2.csv,0.316622691,0.316622691,0.431472081,0.678137652,0.677290837,0.685483871
synapse-1.2.csv,0.291777188,0.291777188,0.433673469,0.692464358,0.628626692,0.705765408
tomcat-6.0.389418.csv,0.411899314,0.411899314,0.490605428,0.420792079,0.43062201,0.450138504
tomcat-6.0.389418.csv,0.428240741,0.428240741,0.491266376,0.460725076,0.4,0.45890411
tomcat-6.0.389418.csv,0.433789954,0.433789954,0.504291845,0.394957983,0.382308846,0.452091768
tomcat-6.0.389418.csv,0.460674157,0.460674157,0.501043841,0.455259027,0.370942813,0.450268817
tomcat-6.0.389418.csv,0.438799076,0.438799076,0.485961123,0.363475177,0.357710652,0.45890411
tomcat-6.0.389418.csv,0.436781609,0.436781609,0.525210084,0.450236967,0.39184953,0.461432507
tomcat-6.0.389418.csv,0.426267281,0.425287356,0.503211991,0.474777448,0.364667747,0.454545455
tomcat-6.0.389418.csv,0.427251732,0.427251732,0.488069414,0.424836601,0.360205832,0.448460509
tomcat-6.0.389418.csv,0.444191344,0.444191344,0.520169851,0.449438202,0.393442623,0.461432507
tomcat-6.0.389418.csv,0.437788018,0.437788018,0.485961123,0.44991511,0.402843602,0.45890411
tomcat-6.0.389418.csv,0.404157044,0.404157044,0.505376344,0.469953775,0.364842454,0.46398892
tomcat-6.0.389418.csv,0.436781609,0.436781609,0.495689655,0.45112782,0.421779141,0.455782313
tomcat-6.0.389418.csv,0.433789954,0.433789954,0.50955414,0.464939024,0.455246914,0.455172414
tomcat-6.0.389418.csv,0.433789954,0.433789954,0.490405117,0.472263868,0.377358491,0.44198895
tomcat-6.0.389418.csv,0.438799076,0.438799076,0.452538631,0.44,0.382003396,0.457025921
tomcat-6.0.389418.csv,0.413793103,0.413793103,0.475687104,0.346620451,0.393258427,0.447263017
tomcat-6.0.389418.csv,0.413793103,0.413793103,0.480167015,0.44576523,0.370967742,0.461956522
tomcat-6.0.389418.csv,0.447247706,0.447247706,0.505376344,0.404721754,0.362095532,0.463483146
tomcat-6.0.389418.csv,0.410022779,0.409090909,0.480167015,0.463378176,0.382165605,0.460251046
tomcat-6.0.389418.csv,0.435779817,0.435779817,0.501066098,0.413290113,0.367278798,0.459688826
tomcat-6.0.389418.csv,0.435779817,0.435779817,0.479302832,0.433753943,0.369458128,0.453929539
tomcat-6.0.389418.csv,0.436781609,0.436781609,0.519067797,0.448916409,0.392,0.448275862
tomcat-6.0.389418.csv,0.434782609,0.434782609,0.511727079,0.469208211,0.437116564,0.455782313
tomcat-6.0.389418.csv,0.445205479,0.445205479,0.510638298,0.411290323,0.418006431,0.460251046
tomcat-6.0.389418.csv,0.438799076,0.438799076,0.480349345,0.449189985,0.36407767,0.443213296
tomcat-6.0.389418.csv,0.448275862,0.448275862,0.495689655,0.44600939,0.417956656,0.445205479
tomcat-6.0.389418.csv,0.445205479,0.445205479,0.503211991,0.423011844,0.340314136,0.453315291
tomcat-6.0.389418.csv,0.446224256,0.446224256,0.51391863,0.417348609,0.441595442,0.448275862
tomcat-6.0.389418.csv,0.46275395,0.46275395,0.516877637,0.450310559,0.4,0.451388889
tomcat-6.0.389418.csv,0.437788018,0.437788018,0.495689655,0.384615385,0.373754153,0.451527224
velocity-1.6.csv,0.152905199,0.152905199,0.167173252,0.498721228,0.525,0.541871921
velocity-1.6.csv,0.153374233,0.153374233,0.167173252,0.537084399,0.569306931,0.573170732
velocity-1.6.csv,0.152905199,0.152905199,0.166163142,0.473684211,0.511508951,0.540540541
velocity-1.6.csv,0.138461538,0.138461538,0.137195122,0.461538462,0.4875,0.554187192
velocity-1.6.csv,0.153374233,0.153374233,0.152439024,0.433070866,0.565326633,0.543209877
velocity-1.6.csv,0.153374233,0.153374233,0.151975684,0.506493506,0.494923858,0.543209877
velocity-1.6.csv,0.152905199,0.152905199,0.166666667,0.453367876,0.525,0.532178218
velocity-1.6.csv,0.182926829,0.182926829,0.166666667,0.436507937,0.534351145,0.541871921
velocity-1.6.csv,0.152439024,0.152439024,0.180722892,0.44386423,0.501285347,0.56372549
velocity-1.6.csv,0.153374233,0.153374233,0.167173252,0.448548813,0.507614213,0.540540541
velocity-1.6.csv,0.168195719,0.168195719,0.181268882,0.538847118,0.489949749,0.533498759
velocity-1.6.csv,0.152905199,0.152905199,0.151975684,0.454545455,0.540540541,0.539215686
velocity-1.6.csv,0.152905199,0.152905199,0.151515152,0.46997389,0.516372796,0.555555556
velocity-1.6.csv,0.153374233,0.153374233,0.166666667,0.541561713,0.492227979,0.552825553
velocity-1.6.csv,0.153374233,0.153374233,0.151515152,0.438829787,0.525,0.540201005
velocity-1.6.csv,0.152905199,0.152905199,0.166163142,0.440414508,0.526315789,0.539215686
velocity-1.6.csv,0.152905199,0.152905199,0.166666667,0.505181347,0.569306931,0.545905707
velocity-1.6.csv,0.153374233,0.153374233,0.167173252,0.505181347,0.544554455,0.58968059
velocity-1.6.csv,0.153374233,0.153374233,0.166163142,0.556930693,0.510204082,0.567901235
velocity-1.6.csv,0.153374233,0.153374233,0.166163142,0.525641026,0.5375,0.540540541
velocity-1.6.csv,0.153374233,0.153374233,0.151515152,0.539845758,0.569306931,0.565110565
velocity-1.6.csv,0.153374233,0.153374233,0.167173252,0.454545455,0.491183879,0.543209877
velocity-1.6.csv,0.153846154,0.153374233,0.166163142,0.555555556,0.533498759,0.539215686
velocity-1.6.csv,0.152905199,0.152905199,0.166163142,0.473684211,0.542929293,0.573170732
velocity-1.6.csv,0.153374233,0.153374233,0.151975684,0.558312655,0.487179487,0.530864198
velocity-1.6.csv,0.168195719,0.168195719,0.166666667,0.447570332,0.489690722,0.545905707
velocity-1.6.csv,0.168195719,0.168195719,0.166666667,0.415584416,0.488431877,0.532178218
velocity-1.6.csv,0.182926829,0.182926829,0.166666667,0.50257732,0.528967254,0.567901235
velocity-1.6.csv,0.152905199,0.152905199,0.166666667,0.501285347,0.580246914,0.582524272
velocity-1.6.csv,0.153374233,0.153374233,0.151975684,0.503875969,0.517676768,0.555555556
xalan-2.6.csv,0.315789474,0.315789474,0.382337103,0.612542538,0.543912176,0.723890632
xalan-2.6.csv,0.447922288,0.447922288,0.355385457,0.615497793,0.485933504,0.727272727
xalan-2.6.csv,0.318206973,0.318206973,0.408,0.669328323,0.544629349,0.733546618
xalan-2.6.csv,0.325786858,0.325786858,0.396995708,0.53329995,0.530951183,0.73083779
xalan-2.6.csv,0.306406685,0.306406685,0.366648561,0.579890493,0.532290616,0.730563003
xalan-2.6.csv,0.32320442,0.32320442,0.368563686,0.540060852,0.524475524,0.714607755
xalan-2.6.csv,0.328366446,0.328366446,0.39818279,0.520142784,0.540471311,0.722373188
xalan-2.6.csv,0.306065665,0.306065665,0.343218012,0.633906634,0.545454545,0.705272645
xalan-2.6.csv,0.322847682,0.322847682,0.36776636,0.487179487,0.537065053,0.722647456
xalan-2.6.csv,0.306406685,0.306406685,0.359869138,0.531806616,0.526182003,0.720700494
xalan-2.6.csv,0.497858672,0.497858672,0.53241961,0.581918082,0.441483804,0.766927683
xalan-2.6.csv,0.311630495,0.311630495,0.370070232,0.606508876,0.544234592,0.722322232
xalan-2.6.csv,0.315964523,0.315964523,0.377969762,0.452196382,0.546599496,0.710059172
xalan-2.6.csv,0.316490838,0.316490838,0.364526659,0.526582278,0.533906883,0.701040253
xalan-2.6.csv,0.323383085,0.323383085,0.381925767,0.568922306,0.519317612,0.712679856
xalan-2.6.csv,0.306065665,0.306065665,0.36259542,0.668912416,0.589970501,0.727109515
xalan-2.6.csv,0.494123932,0.494123932,0.541384695,0.556675063,0.540472599,0.712353472
xalan-2.6.csv,0.354980737,0.357535754,0.366449511,0.615234375,0.51715439,0.736238532
xalan-2.6.csv,0.492241841,0.492241841,0.479744136,0.616370809,0.612295488,0.709764919
xalan-2.6.csv,0.30623608,0.30623608,0.364328439,0.471406491,0.388477801,0.691056911
xalan-2.6.csv,0.318559557,0.318559557,0.40171398,0.510930351,0.493136756,0.729643184
xalan-2.6.csv,0.354980737,0.354980737,0.3802589,0.481012658,0.405265875,0.730286738
xalan-2.6.csv,0.500532481,0.500532481,0.556994819,0.478641276,0.471070148,0.729026469
xalan-2.6.csv,0.315614618,0.318206973,0.375269978,0.471070148,0.639923591,0.743460303
xalan-2.6.csv,0.352422907,0.352422907,0.371273713,0.704035874,0.556675063,0.730186999
xalan-2.6.csv,0.306406685,0.306406685,0.348135965,0.424750918,0.404911181,0.733608436
xalan-2.6.csv,0.328185328,0.328185328,0.372570194,0.380604797,0.536437247,0.714285714
xalan-2.6.csv,0.298882682,0.298882682,0.330578512,0.508088979,0.550804829,0.560485754
xalan-2.6.csv,0.313714603,0.313714603,0.361806311,0.488683128,0.486111111,0.712648946
xalan-2.6.csv,0.30623608,0.30623608,0.36259542,0.292853305,0.453597497,0.743967828
xerces-1.3.csv,0.278637771,0.278637771,0.348484848,0.511508951,0.441558442,0.579710145
xerces-1.3.csv,0.290519878,0.290519878,0.345345345,0.46728972,0.439276486,0.585774059
xerces-1.3.csv,0.278637771,0.278637771,0.375375375,0.395095368,0.388739946,0.5907173
xerces-1.3.csv,0.278637771,0.278637771,0.333333333,0.463917526,0.428211587,0.6
xerces-1.3.csv,0.278637771,0.278637771,0.362537764,0.453367876,0.356164384,0.551181102
xerces-1.3.csv,0.278637771,0.278637771,0.346385542,0.451388889,0.395778364,0.545634921
xerces-1.3.csv,0.307692308,0.307692308,0.36036036,0.431937173,0.394736842,0.601265823
xerces-1.3.csv,0.305810398,0.305810398,0.346385542,0.367847411,0.401069519,0.597014925
xerces-1.3.csv,0.277777778,0.277777778,0.346385542,0.416666667,0.39295393,0.581395349
xerces-1.3.csv,0.278637771,0.278637771,0.375375375,0.388739946,0.449871465,0.537974684
xerces-1.3.csv,0.318181818,0.318181818,0.368731563,0.404312668,0.548098434,0.558882236
xerces-1.3.csv,0.277777778,0.277777778,0.36036036,0.522959184,0.478589421,0.53816047
xerces-1.3.csv,0.278637771,0.278637771,0.346385542,0.408163265,0.324858757,0.549132948
xerces-1.3.csv,0.278637771,0.278637771,0.374251497,0.350140056,0.284900285,0.567729084
xerces-1.3.csv,0.277777778,0.277777778,0.332326284,0.397435897,0.396174863,0.549132948
xerces-1.3.csv,0.307692308,0.307692308,0.362537764,0.576923077,0.368852459,0.541338583
xerces-1.3.csv,0.304878049,0.304878049,0.414201183,0.462287105,0.418660287,0.53125
xerces-1.3.csv,0.278637771,0.278637771,0.334346505,0.436507937,0.449871465,0.55331992
xerces-1.3.csv,0.290519878,0.290519878,0.411764706,0.30726257,0.364864865,0.452586207
xerces-1.3.csv,0.309597523,0.309597523,0.361445783,0.422885572,0.292479109,0.539215686
xerces-1.3.csv,0.278637771,0.278637771,0.334346505,0.412234043,0.405759162,0.581632653
xerces-1.3.csv,0.278637771,0.278637771,0.289634146,0.428921569,0.383597884,0.533769063
xerces-1.3.csv,0.303951368,0.303951368,0.411764706,0.523690773,0.52238806,0.567729084
xerces-1.3.csv,0.293209877,0.293209877,0.346385542,0.388739946,0.476804124,0.506465517
xerces-1.3.csv,0.278637771,0.278637771,0.375375375,0.392670157,0.383597884,0.542168675
xerces-1.3.csv,0.276923077,0.276923077,0.332326284,0.404312668,0.347593583,0.556680162
xerces-1.3.csv,0.278637771,0.278637771,0.345345345,0.464824121,0.372340426,0.489130435
xerces-1.3.csv,0.276923077,0.276923077,0.317220544,0.385674931,0.42746114,0.59623431
xerces-1.3.csv,0.278637771,0.278637771,0.346385542,0.591939547,0.401069519,0.531453362
xerces-1.3.csv,0.307692308,0.307692308,0.348484848,0.348189415,0.325203252,0.570539419
