,AUC,Balance,MCC,G-Measure,G-Mean,PD,PF,skewed_F,F1,Accuracy,Error,Precision,TNR,FNR,TP,TN,FP,FN,train_len_before,train_len_after,test_len,runtime,clfindex,clfname,testfile,trainfile,runtimes
0,0.7455716586151369,0.689714056435421,0.2518299471183735,0.6897445870608065,0.6898803317026351,0.7037037037037037,0.32367149758454106,0.4896907216494846,0.336283185840708,0.6794871794871795,0.32051282051282054,0.22093023255813954,0.6763285024154589,0.2962962962962963,19,140,67,8,1149,954,234,3.798811912536621,2,RF,arc-1.csv,More1,1
1,0.7498658078368223,0.6808302094848515,0.2433154843640766,0.6808510638297872,0.6810052246069989,0.6666666666666666,0.30434782608695654,0.4761904761904762,0.3333333333333333,0.6923076923076923,0.3076923076923077,0.2222222222222222,0.6956521739130435,0.3333333333333333,18,144,63,9,1152,956,234,7.528865575790405,2,RF,arc-1.csv,More1,2
2,0.6772231168366434,0.6248021673633315,0.1818989553843581,0.6234096692111959,0.6281122190678597,0.5555555555555556,0.2898550724637681,0.4098360655737705,0.29411764705882354,0.6923076923076923,0.3076923076923077,0.2,0.7101449275362319,0.4444444444444444,15,147,60,12,1143,948,234,11.234955787658691,2,RF,arc-1.csv,More1,3
3,0.7014671676507426,0.5969519669840004,0.1771980647082811,0.5904844041972114,0.60622405447374,0.48148148148148145,0.23671497584541062,0.38235294117647056,0.29213483146067415,0.7307692307692307,0.2692307692307692,0.20967741935483872,0.7632850241545893,0.5185185185185185,13,158,49,14,1148,952,234,14.952985286712646,2,RF,arc-1.csv,More1,4
4,0.6996779388083736,0.62211467787786,0.20750825998732916,0.619107217355027,0.6310961418922839,0.5185185185185185,0.2318840579710145,0.41176470588235287,0.3146067415730337,0.7393162393162394,0.2606837606837607,0.22580645161290322,0.7681159420289855,0.48148148148148145,14,159,48,13,1150,954,234,18.692984104156494,2,RF,arc-1.csv,More1,5
5,0.6812488817319735,0.617166903262629,0.16645141472477953,0.615848406546081,0.6195075356185245,0.5555555555555556,0.30917874396135264,0.4010695187165776,0.28301886792452835,0.6752136752136753,0.3247863247863248,0.189873417721519,0.6908212560386473,0.4444444444444444,15,143,64,12,1146,950,234,22.515760898590088,2,RF,arc-1.csv,More1,6
6,0.6932367149758454,0.6132247555314378,0.1589661164511967,0.6119791666666666,0.6151600606029545,0.5555555555555556,0.3188405797101449,0.3968253968253968,0.2777777777777778,0.6666666666666666,0.3333333333333333,0.18518518518518517,0.6811594202898551,0.4444444444444444,15,141,66,12,1146,950,234,26.26274299621582,2,RF,arc-1.csv,More1,7
7,0.7300948291286454,0.6189830983625928,0.15790021400059598,0.6187590187590187,0.6193631114329464,0.5925925925925926,0.3526570048309179,0.4060913705583756,0.27586206896551724,0.6410256410256411,0.358974358974359,0.1797752808988764,0.6473429951690821,0.4074074074074074,16,134,73,11,1154,958,234,30.025705814361572,2,RF,arc-1.csv,More1,8
8,0.7138128466630882,0.6210268858462766,0.1740914290118121,0.6196581196581197,0.6238247135335728,0.5555555555555556,0.2995169082125604,0.4054054054054054,0.2884615384615385,0.6837606837606838,0.3162393162393162,0.19480519480519481,0.7004830917874396,0.4444444444444444,15,145,62,12,1150,954,234,33.7577006816864,2,RF,arc-1.csv,More1,9
9,0.6808910359634998,0.5651756446355612,0.19711298871182675,0.5477835348301668,0.5835154228491386,0.4074074074074074,0.1642512077294686,0.3594771241830065,0.3055555555555555,0.7863247863247863,0.21367521367521367,0.24444444444444444,0.8357487922705314,0.5925925925925926,11,173,34,16,1151,956,234,37.529643058776855,2,RF,arc-1.csv,More1,10
10,0.7245482197173018,0.6303006147998134,0.1939549855270726,0.628930817610063,0.6344891563557342,0.5555555555555556,0.2753623188405797,0.4166666666666667,0.30303030303030304,0.7051282051282052,0.2948717948717949,0.20833333333333334,0.7246376811594203,0.4444444444444444,15,150,57,12,1146,950,234,41.31053161621094,2,RF,arc-1.csv,More1,11
11,0.7213276078010378,0.6320882557553668,0.19807321208051493,0.6307435254803676,0.6366006069715648,0.5555555555555556,0.27053140096618356,0.41899441340782123,0.30612244897959184,0.7094017094017094,0.2905982905982906,0.2112676056338028,0.7294685990338164,0.4444444444444444,15,151,56,12,1151,956,234,45.096378803253174,2,RF,arc-1.csv,More1,12
12,0.7045983181248882,0.6579227238860084,0.23145775209833255,0.6577992744860943,0.6618181174702882,0.5925925925925926,0.2608695652173913,0.44943820224719105,0.32989690721649484,0.7222222222222222,0.2777777777777778,0.22857142857142856,0.7391304347826086,0.4074074074074074,16,153,54,11,1147,952,234,48.83042049407959,2,RF,arc-1.csv,More1,13
13,0.6629092860976917,0.6029216024076292,0.13387832329034802,0.6028779112891263,0.6029687394628087,0.5925925925925926,0.3864734299516908,0.39215686274509803,0.2601626016260163,0.6111111111111112,0.3888888888888889,0.16666666666666666,0.6135265700483091,0.4074074074074074,16,127,80,11,1155,960,234,52.576377391815186,2,RF,arc-1.csv,More1,14
14,0.725174449812131,0.6404110716010005,0.19473727605055904,0.6399999999999999,0.6420578831241024,0.5925925925925926,0.30434782608695654,0.42780748663101614,0.3018867924528302,0.6837606837606838,0.3162393162393162,0.20253164556962025,0.6956521739130435,0.4074074074074074,16,144,63,11,1150,954,234,56.370232582092285,2,RF,arc-1.csv,More1,15
15,0.6901055645016997,0.6464489013993864,0.2065370474519865,0.646065100947672,0.6487115103997881,0.5925925925925926,0.2898550724637681,0.43478260869565216,0.3106796116504854,0.6965811965811965,0.3034188034188034,0.21052631578947367,0.7101449275362319,0.4074074074074074,16,147,60,11,1148,952,234,60.24188017845154,2,RF,arc-1.csv,More1,16
16,0.7098765432098765,0.6499371140704562,0.2000389029375397,0.6498899889988999,0.6502267108107604,0.6296296296296297,0.3285024154589372,0.44041450777202074,0.3035714285714286,0.6666666666666666,0.3333333333333333,0.2,0.6714975845410628,0.37037037037037035,17,139,68,10,1154,958,234,64.1684057712555,2,RF,arc-1.csv,More1,17
17,0.7394882805510824,0.6320706358830239,0.1795826624192723,0.631697687535251,0.6330776103217064,0.5925925925925926,0.32367149758454106,0.41884816753926696,0.29090909090909095,0.6666666666666666,0.3333333333333333,0.1927710843373494,0.6763285024154589,0.4074074074074074,16,140,67,11,1150,954,234,67.9512631893158,2,RF,arc-1.csv,More1,18
18,0.7275004473072105,0.671608114329008,0.2392246867782164,0.671705118005834,0.6732099715334379,0.6296296296296297,0.28019323671497587,0.4644808743169399,0.3333333333333333,0.7094017094017094,0.2905982905982906,0.22666666666666666,0.7198067632850241,0.37037037037037035,17,149,58,10,1150,954,234,71.70226168632507,2,RF,arc-1.csv,More1,19
19,0.731794596528896,0.6503651579781845,0.21463539074359408,0.6500340831629174,0.6531096049062172,0.5925925925925926,0.28019323671497587,0.43956043956043955,0.31683168316831684,0.7051282051282052,0.2948717948717949,0.21621621621621623,0.7198067632850241,0.4074074074074074,16,149,58,11,1150,954,234,75.42231178283691,2,RF,arc-1.csv,More1,20
20,0.6946680980497405,0.65419077909984,0.22293676497364667,0.6539450534578427,0.6574782797297076,0.5925925925925926,0.27053140096618356,0.4444444444444445,0.3232323232323232,0.7136752136752137,0.2863247863247863,0.2222222222222222,0.7294685990338164,0.4074074074074074,16,151,56,11,1148,952,234,79.16726994514465,2,RF,arc-1.csv,More1,21
21,0.6856324923957774,0.6503651579781845,0.21463539074359408,0.6500340831629174,0.6531096049062172,0.5925925925925926,0.28019323671497587,0.43956043956043955,0.31683168316831684,0.7051282051282052,0.2948717948717949,0.21621621621621623,0.7198067632850241,0.4074074074074074,16,149,58,11,1151,956,234,82.99004769325256,2,RF,arc-1.csv,More1,22
22,0.7138128466630881,0.6521944152282019,0.20377165982779918,0.6521441293327853,0.6525614641425033,0.6296296296296297,0.32367149758454106,0.44270833333333337,0.3063063063063063,0.6709401709401709,0.32905982905982906,0.20238095238095238,0.6763285024154589,0.37037037037037035,17,140,67,10,1147,952,234,86.84374332427979,2,RF,arc-1.csv,More1,23
23,0.6514582215065307,0.6444577180474804,0.20255920985651094,0.6440584505100634,0.646501243291445,0.5925925925925926,0.2946859903381642,0.43243243243243246,0.3076923076923077,0.6923076923076923,0.3076923076923077,0.2077922077922078,0.7053140096618358,0.4074074074074074,16,146,61,11,1148,952,234,90.67452502250671,2,RF,arc-1.csv,More1,24
24,0.6750760422258006,0.6094800543388801,0.17303152341331657,0.6061648745519713,0.615014615498521,0.5185185185185185,0.27053140096618356,0.39325842696629215,0.28865979381443296,0.7051282051282052,0.2948717948717949,0.2,0.7294685990338164,0.48148148148148145,14,151,56,13,1151,956,234,94.38856601715088,2,RF,arc-1.csv,More1,25
25,0.7067453927357309,0.6424449875084698,0.19862652384370802,0.6420368064203681,0.6442833937248373,0.5925925925925926,0.2995169082125604,0.4301075268817203,0.3047619047619048,0.688034188034188,0.31196581196581197,0.20512820512820512,0.7004830917874396,0.4074074074074074,16,145,62,11,1153,958,234,98.11064028739929,2,RF,arc-1.csv,More1,26
26,0.6857219538378958,0.6266572399945882,0.18586982291197837,0.6252640473172792,0.6302450340985675,0.5555555555555556,0.28502415458937197,0.4120879120879121,0.29702970297029707,0.6965811965811965,0.3034188034188034,0.20270270270270271,0.714975845410628,0.4444444444444444,15,148,59,12,1149,954,234,101.82168936729431,2,RF,arc-1.csv,More1,27
27,0.7244587582751834,0.6077954464524518,0.16897771200089126,0.6044905008635579,0.6129747604081894,0.5185185185185185,0.2753623188405797,0.39106145251396646,0.2857142857142857,0.7008547008547008,0.29914529914529914,0.19718309859154928,0.7246376811594203,0.48148148148148145,14,150,57,13,1149,954,234,105.56567716598511,2,RF,arc-1.csv,More1,28
28,0.7008409375559134,0.5674507171189203,0.13438824602209942,0.5564588979223125,0.5750212953185124,0.4444444444444444,0.2560386473429952,0.3468208092485549,0.2608695652173913,0.7094017094017094,0.2905982905982906,0.18461538461538463,0.7439613526570048,0.5555555555555556,12,154,53,15,1146,950,234,109.22691535949707,2,RF,arc-1.csv,More1,29
29,0.6949364823760958,0.6077954464524518,0.16897771200089126,0.6044905008635579,0.6129747604081894,0.5185185185185185,0.2753623188405797,0.39106145251396646,0.2857142857142857,0.7008547008547008,0.29914529914529914,0.19718309859154928,0.7246376811594203,0.48148148148148145,14,150,57,13,1146,950,234,112.93197989463806,2,RF,arc-1.csv,More1,30
0,0.8367792661619102,0.6599586439186396,0.4607903592715159,0.6669381107491857,0.6906480712340833,0.5294117647058824,0.09900990099009901,0.5487804878048781,0.5806451612903226,0.8074074074074075,0.1925925925925926,0.6428571428571429,0.900990099009901,0.47058823529411764,18,91,10,16,1227,1038,135,4.393290042877197,2,RF,log4j-1.0.csv,More1,1
1,0.7936808386721024,0.7017087299072584,0.420844033468754,0.705239732955695,0.7124404153119271,0.6176470588235294,0.1782178217821782,0.6,0.5753424657534247,0.7703703703703704,0.22962962962962963,0.5384615384615384,0.8217821782178217,0.38235294117647056,21,83,18,13,1227,1038,135,8.775561094284058,2,RF,log4j-1.0.csv,More1,2
2,0.8418753640069889,0.7318757036216053,0.49908583768047327,0.738996138996139,0.7465704932931839,0.6470588235294118,0.13861386138613863,0.6395348837209303,0.6285714285714287,0.8074074074074075,0.1925925925925926,0.6111111111111112,0.8613861386138614,0.35294117647058826,22,87,14,12,1223,1034,135,13.092988014221191,2,RF,log4j-1.0.csv,More1,3
3,0.7936808386721025,0.6730057486980332,0.4244329868857944,0.6778757432848062,0.6938031724967605,0.5588235294117647,0.13861386138613863,0.5621301775147929,0.5671641791044776,0.7851851851851852,0.21481481481481482,0.5757575757575758,0.8613861386138614,0.4411764705882353,19,87,14,15,1219,1030,135,17.330657482147217,2,RF,log4j-1.0.csv,More1,4
4,0.8455154338963308,0.7537904515338676,0.5376749488413346,0.7616180620884289,0.767723984568827,0.6764705882352942,0.12871287128712872,0.6686046511627907,0.6571428571428571,0.8222222222222222,0.17777777777777778,0.6388888888888888,0.8712871287128713,0.3235294117647059,23,88,13,11,1228,1040,135,21.707950353622437,2,RF,log4j-1.0.csv,More1,5
5,0.8493011065812464,0.7168833855654553,0.5038487224777309,0.7262482999805713,0.7377419940971215,0.6176470588235294,0.1188118811881188,0.6213017751479291,0.6268656716417911,0.8148148148148148,0.18518518518518517,0.6363636363636364,0.8811881188118812,0.38235294117647056,21,89,12,13,1223,1034,135,26.05732011795044,2,RF,log4j-1.0.csv,More1,6
6,0.8324111822947001,0.7482779892535494,0.5095889395758503,0.7539546407470936,0.758949708010655,0.6764705882352942,0.1485148514851485,0.6609195402298851,0.6388888888888888,0.8074074074074075,0.1925925925925926,0.6052631578947368,0.8514851485148515,0.3235294117647059,23,86,15,11,1227,1038,135,30.55831480026245,2,RF,log4j-1.0.csv,More1,7
7,0.8211997670355271,0.742122280814456,0.4830626812284791,0.7460899787603784,0.7500727978647674,0.6764705882352942,0.16831683168316833,0.6534090909090909,0.6216216216216216,0.7925925925925926,0.2074074074074074,0.575,0.8316831683168316,0.3235294117647059,23,84,17,11,1225,1036,135,34.88374471664429,2,RF,log4j-1.0.csv,More1,8
8,0.8359056493884681,0.6420377850134149,0.4702202789236882,0.6480836236933799,0.6785248997671054,0.5,0.07920792079207921,0.5279503105590062,0.576271186440678,0.8148148148148148,0.18518518518518517,0.68,0.9207920792079208,0.5,17,93,8,17,1227,1038,135,39.18920683860779,2,RF,log4j-1.0.csv,More1,9
9,0.8612405358182876,0.6802816562231991,0.4859930437176062,0.6898065030919609,0.7095734402398164,0.5588235294117647,0.09900990099009901,0.5757575757575757,0.6031746031746031,0.8148148148148148,0.18518518518518517,0.6551724137931034,0.900990099009901,0.4411764705882353,19,91,10,15,1224,1036,135,43.52962565422058,2,RF,log4j-1.0.csv,More1,10
10,0.7798485730926034,0.5803009078149686,0.3908547518923973,0.5690559440559441,0.6157513131726555,0.4117647058823529,0.07920792079207921,0.4430379746835443,0.5,0.7925925925925926,0.2074074074074074,0.6363636363636364,0.9207920792079208,0.5882352941176471,14,93,8,20,1223,1034,135,47.82115387916565,2,RF,log4j-1.0.csv,More1,11
11,0.839691322073384,0.7235058500833129,0.45849409610512365,0.7278456085072864,0.7335856680990318,0.6470588235294118,0.16831683168316833,0.6285714285714286,0.6027397260273972,0.7851851851851852,0.21481481481481482,0.5641025641025641,0.8316831683168316,0.35294117647058826,22,84,17,12,1223,1034,135,52.16749906539917,2,RF,log4j-1.0.csv,More1,12
12,0.8308095515433896,0.6802816562231991,0.4859930437176062,0.6898065030919609,0.7095734402398164,0.5588235294117647,0.09900990099009901,0.5757575757575757,0.6031746031746031,0.8148148148148148,0.18518518518518517,0.6551724137931034,0.900990099009901,0.4411764705882353,19,91,10,15,1226,1038,135,56.60563087463379,2,RF,log4j-1.0.csv,More1,13
13,0.7725684333139197,0.6742618461828463,0.32013786708304837,0.6748936170212765,0.6795969890749202,0.7647058823529411,0.39603960396039606,0.6435643564356436,0.5199999999999999,0.6444444444444445,0.35555555555555557,0.3939393939393939,0.6039603960396039,0.23529411764705882,26,61,40,8,1224,1036,135,61.29811072349548,2,RF,log4j-1.0.csv,More1,14
14,0.8115899825276645,0.6349198695936897,0.3876633661198854,0.6353790613718412,0.6600330024752062,0.5,0.12871287128712872,0.5120481927710843,0.53125,0.7777777777777778,0.2222222222222222,0.5666666666666667,0.8712871287128713,0.5,17,88,13,17,1223,1034,135,66.05738282203674,2,RF,log4j-1.0.csv,More1,15
15,0.8442050087361678,0.7317807592163703,0.4457683978979332,0.7338979712428599,0.7365568656305589,0.6764705882352942,0.19801980198019803,0.6424581005586594,0.5974025974025974,0.7703703703703704,0.22962962962962963,0.5348837209302325,0.801980198019802,0.3235294117647059,23,81,20,11,1221,1032,135,70.41370701789856,2,RF,log4j-1.0.csv,More1,16
16,0.8475538730343621,0.6599586439186396,0.4607903592715159,0.6669381107491857,0.6906480712340833,0.5294117647058824,0.09900990099009901,0.5487804878048781,0.5806451612903226,0.8074074074074075,0.1925925925925926,0.6428571428571429,0.900990099009901,0.47058823529411764,18,91,10,16,1221,1032,135,74.78604626655579,2,RF,log4j-1.0.csv,More1,17
17,0.8048922539312755,0.6214826877636896,0.4443569867130121,0.6228547509418166,0.6582658426709204,0.47058823529411764,0.07920792079207921,0.49999999999999994,0.5517241379310345,0.8074074074074075,0.1925925925925926,0.6666666666666666,0.9207920792079208,0.5294117647058824,16,93,8,18,1223,1034,135,79.13338947296143,2,RF,log4j-1.0.csv,More1,18
18,0.831100757134537,0.6904787292268622,0.43555477542196447,0.6957928802588997,0.707724251932518,0.5882352941176471,0.1485148514851485,0.5847953216374269,0.5797101449275363,0.7851851851851852,0.21481481481481482,0.5714285714285714,0.8514851485148515,0.4117647058823529,20,86,15,14,1229,1040,135,83.5246467590332,2,RF,log4j-1.0.csv,More1,19
19,0.8155212580081538,0.6969600388382414,0.4791497772027516,0.7055093143083631,0.7199624658565772,0.5882352941176471,0.1188118811881188,0.5952380952380952,0.6060606060606061,0.8074074074074075,0.1925925925925926,0.625,0.8811881188118812,0.4117647058823529,20,89,12,14,1223,1034,135,87.90692973136902,2,RF,log4j-1.0.csv,More1,20
20,0.8510483401281305,0.7292379871916127,0.4851652814111459,0.7353284104158571,0.7422674574914263,0.6470588235294118,0.1485148514851485,0.6358381502890175,0.619718309859155,0.8,0.2,0.5945945945945946,0.8514851485148515,0.35294117647058826,22,86,15,12,1224,1036,135,92.26929044723511,2,RF,log4j-1.0.csv,More1,21
21,0.8018345952242283,0.6880338545008466,0.4219076153587506,0.6924643584521385,0.7035975447302919,0.5882352941176471,0.15841584158415842,0.5813953488372092,0.5714285714285715,0.7777777777777778,0.2222222222222222,0.5555555555555556,0.8415841584158416,0.4117647058823529,20,85,16,14,1224,1036,135,96.61567234992981,2,RF,log4j-1.0.csv,More1,22
22,0.8069306930693069,0.6488954101253809,0.3709959231217239,0.6499575191163977,0.6674912392349772,0.5294117647058824,0.15841584158415842,0.5294117647058824,0.5294117647058824,0.762962962962963,0.23703703703703705,0.5294117647058824,0.8415841584158416,0.47058823529411764,18,85,16,16,1221,1032,135,100.99592685699463,2,RF,log4j-1.0.csv,More1,23
23,0.8618229470005824,0.7603797315132976,0.507429481640714,0.7636363636363637,0.7662052412722441,0.7058823529411765,0.16831683168316833,0.6779661016949152,0.64,0.8,0.2,0.5853658536585366,0.8316831683168316,0.29411764705882354,24,84,17,10,1223,1034,135,105.37322282791138,2,RF,log4j-1.0.csv,More1,24
24,0.8529411764705882,0.8032514511985366,0.581647228142877,0.8057657657657659,0.806929799800128,0.7647058823529411,0.1485148514851485,0.7344632768361582,0.6933333333333332,0.8296296296296296,0.17037037037037037,0.6341463414634146,0.8514851485148515,0.23529411764705882,26,86,15,8,1220,1032,135,109.71065211296082,2,RF,log4j-1.0.csv,More1,25
25,0.8211997670355271,0.7317807592163703,0.4457683978979332,0.7338979712428599,0.7365568656305589,0.6764705882352942,0.19801980198019803,0.6424581005586594,0.5974025974025974,0.7703703703703704,0.22962962962962963,0.5348837209302325,0.801980198019802,0.3235294117647059,23,81,20,11,1225,1036,135,114.0689685344696,2,RF,log4j-1.0.csv,More1,26
26,0.8274606872451952,0.6854521269836333,0.40864972885214507,0.6890894175553732,0.6994464905391605,0.5882352941176471,0.16831683168316833,0.5780346820809248,0.5633802816901409,0.7703703703703704,0.22962962962962963,0.5405405405405406,0.8316831683168316,0.4117647058823529,20,84,17,14,1230,1042,135,118.43432331085205,2,RF,log4j-1.0.csv,More1,27
27,0.794408852649971,0.7142025187436729,0.3823551521485808,0.7142274765593152,0.7142773940775091,0.7058823529411765,0.27722772277227725,0.6382978723404256,0.558139534883721,0.7185185185185186,0.2814814814814815,0.46153846153846156,0.7227722772277227,0.29411764705882354,24,73,28,10,1225,1036,135,122.80161643028259,2,RF,log4j-1.0.csv,More1,28
28,0.7979033197437391,0.6730057486980332,0.4244329868857944,0.6778757432848062,0.6938031724967605,0.5588235294117647,0.13861386138613863,0.5621301775147929,0.5671641791044776,0.7851851851851852,0.21481481481481482,0.5757575757575758,0.8613861386138614,0.4411764705882353,19,87,14,15,1223,1034,135,127.18090724945068,2,RF,log4j-1.0.csv,More1,29
29,0.8126092020966803,0.7269232863891459,0.40828989780828584,0.7287160150823575,0.7312000173321487,0.7941176470588235,0.32673267326732675,0.6887755102040816,0.574468085106383,0.7037037037037037,0.2962962962962963,0.45,0.6732673267326733,0.20588235294117646,27,68,33,7,1223,1034,135,131.6120569705963,2,RF,log4j-1.0.csv,More1,30
0,0.7326711749788674,0.6221753326079135,0.27477403519260085,0.6200466200466201,0.6272887088576958,0.5384615384615384,0.2692307692307692,0.5555555555555556,0.5833333333333334,0.6410256410256411,0.358974358974359,0.6363636363636364,0.7307692307692307,0.46153846153846156,49,76,28,42,1167,1030,195,4.321471929550171,2,RF,lucene-2.0.csv,More1,1
1,0.750422654268808,0.6189331673758307,0.3563483225498991,0.6153846153846154,0.6396321850925384,0.4835164835164835,0.15384615384615385,0.5188679245283019,0.5827814569536424,0.676923076923077,0.3230769230769231,0.7333333333333333,0.8461538461538461,0.5164835164835165,44,88,16,47,1171,1034,195,8.666851282119751,2,RF,lucene-2.0.csv,More1,2
2,0.7431846999154692,0.5965371483365753,0.3254488689930657,0.5880052151238592,0.6174416170496768,0.45054945054945056,0.15384615384615385,0.48693586698337293,0.5540540540540542,0.6615384615384615,0.3384615384615385,0.7192982456140351,0.8461538461538461,0.5494505494505495,41,88,16,50,1171,1034,195,13.013211250305176,2,RF,lucene-2.0.csv,More1,3
3,0.7616229923922231,0.6579573791026551,0.3706190085213546,0.6584739830442561,0.668785376609109,0.5604395604395604,0.20192307692307693,0.5848623853211009,0.6257668711656442,0.6871794871794872,0.3128205128205128,0.7083333333333334,0.7980769230769231,0.43956043956043955,51,83,21,40,1170,1032,195,17.38254189491272,2,RF,lucene-2.0.csv,More1,4
4,0.7250105663567201,0.5759241402737476,0.22158001855077195,0.5656159958089584,0.5850164905089181,0.45054945054945056,0.2403846153846154,0.47674418604651164,0.5222929936305732,0.6153846153846154,0.38461538461538464,0.6212121212121212,0.7596153846153846,0.5494505494505495,41,79,25,50,1169,1032,195,21.74587655067444,2,RF,lucene-2.0.csv,More1,5
5,0.7476225697379544,0.6821189946936161,0.37975936436345575,0.6826347305389222,0.6854051500975316,0.6263736263736264,0.25,0.6375838926174496,0.6551724137931034,0.6923076923076923,0.3076923076923077,0.6867469879518072,0.75,0.37362637362637363,57,78,26,34,1166,1028,195,26.097240686416626,2,RF,lucene-2.0.csv,More1,6
6,0.7511094674556213,0.6654084686139581,0.34844445685741926,0.6655142610198789,0.6689433511894648,0.6043956043956044,0.25961538461538464,0.6165919282511211,0.6358381502890174,0.676923076923077,0.3230769230769231,0.6707317073170732,0.7403846153846154,0.3956043956043956,55,77,27,36,1171,1034,195,30.56728768348694,2,RF,lucene-2.0.csv,More1,7
7,0.750052831783601,0.639261548477355,0.35086455404828343,0.6381766381766382,0.6527139518645054,0.5274725274725275,0.19230769230769232,0.5555555555555556,0.6037735849056604,0.676923076923077,0.3230769230769231,0.7058823529411765,0.8076923076923077,0.4725274725274725,48,84,20,43,1178,1040,195,34.976470947265625,2,RF,lucene-2.0.csv,More1,8
8,0.7577662721893491,0.6320526951091665,0.3405458586979625,0.6300670284072774,0.6458790624517948,0.5164835164835165,0.19230769230769232,0.5452436194895592,0.5949367088607597,0.6717948717948717,0.3282051282051282,0.7014925373134329,0.8076923076923077,0.4835164835164835,47,84,20,44,1164,1026,195,39.30290174484253,2,RF,lucene-2.0.csv,More1,9
9,0.7385355029585798,0.5926601372359404,0.3013435470402986,0.5832919768403639,0.6103849096712282,0.45054945054945056,0.17307692307692307,0.48463356973995264,0.5466666666666666,0.6512820512820513,0.3487179487179487,0.6949152542372882,0.8269230769230769,0.5494505494505495,41,86,18,50,1173,1036,195,43.68421149253845,2,RF,lucene-2.0.csv,More1,10
10,0.7362637362637363,0.6243376718106088,0.35465114297626665,0.6215765658490117,0.6431740554437364,0.4945054945054945,0.16346153846153846,0.528169014084507,0.5882352941176471,0.676923076923077,0.3230769230769231,0.7258064516129032,0.8365384615384616,0.5054945054945055,45,87,17,46,1177,1040,195,48.2180597782135,2,RF,lucene-2.0.csv,More1,11
11,0.7493131868131868,0.5907964958003249,0.32741538583183033,0.5807977812219594,0.6133207148297066,0.43956043956043955,0.14423076923076922,0.477326968973747,0.547945205479452,0.6615384615384615,0.3384615384615385,0.7272727272727273,0.8557692307692307,0.5604395604395604,40,89,15,51,1169,1032,195,53.03717541694641,2,RF,lucene-2.0.csv,More1,12
12,0.7356825866441251,0.572539478684947,0.3349402803685981,0.5571194762684124,0.5997322592254862,0.4065934065934066,0.11538461538461539,0.4479418886198547,0.5285714285714285,0.6615384615384615,0.3384615384615385,0.7551020408163265,0.8846153846153846,0.5934065934065934,37,92,12,54,1168,1030,195,57.39853811264038,2,RF,lucene-2.0.csv,More1,13
13,0.7641060862214708,0.563583314587579,0.3112416756255369,0.5448648648648649,0.5883484054145521,0.3956043956043956,0.125,0.4358353510895883,0.5142857142857142,0.6512820512820513,0.3487179487179487,0.7346938775510204,0.875,0.6043956043956044,36,91,13,55,1167,1030,195,61.7099814414978,2,RF,lucene-2.0.csv,More1,14
14,0.7538038884192729,0.6490055336837697,0.37243409630535,0.6492089470812874,0.6633918581023207,0.5384615384615384,0.18269230769230768,0.5671296296296297,0.6163522012578616,0.6871794871794872,0.3128205128205128,0.7205882352941176,0.8173076923076923,0.46153846153846156,49,85,19,42,1173,1034,195,66.07533574104309,2,RF,lucene-2.0.csv,More1,15
15,0.7501584953508031,0.6175689973303389,0.3198160925462692,0.6134371957156768,0.6319875663521147,0.4945054945054945,0.19230769230769232,0.5244755244755245,0.5769230769230769,0.6615384615384615,0.3384615384615385,0.6923076923076923,0.8076923076923077,0.5054945054945055,45,84,20,46,1170,1032,195,70.44664573669434,2,RF,lucene-2.0.csv,More1,16
16,0.7629966187658497,0.5606274010559902,0.28535845314045194,0.5410791184666047,0.5818471185073447,0.3956043956043956,0.14423076923076922,0.43373493975903615,0.5070422535211268,0.6410256410256411,0.358974358974359,0.7058823529411765,0.8557692307692307,0.6043956043956044,36,89,15,55,1174,1036,195,74.8379077911377,2,RF,lucene-2.0.csv,More1,17
17,0.7408072696534234,0.6078723729490221,0.2980104498726599,0.6021930909390716,0.6211950961025119,0.4835164835164835,0.20192307692307693,0.5128205128205129,0.5641025641025641,0.6512820512820513,0.3487179487179487,0.676923076923077,0.7980769230769231,0.5164835164835165,44,83,21,47,1173,1036,195,79.2660620212555,2,RF,lucene-2.0.csv,More1,18
18,0.7360524091293321,0.6624957790743713,0.3482988828595955,0.6625766871165644,0.667124384994991,0.5934065934065934,0.25,0.608108108108108,0.6315789473684211,0.676923076923077,0.3230769230769231,0.675,0.75,0.4065934065934066,54,78,26,37,1170,1032,195,83.60844993591309,2,RF,lucene-2.0.csv,More1,19
19,0.7378486897717668,0.5871972774666446,0.30284825309076946,0.5763020617703073,0.606390314783358,0.43956043956043955,0.16346153846153846,0.4750593824228028,0.5405405405405405,0.6512820512820513,0.3487179487179487,0.7017543859649122,0.8365384615384616,0.5604395604395604,40,87,17,51,1173,1036,195,88.01267385482788,2,RF,lucene-2.0.csv,More1,20
20,0.768438292476754,0.6189331673758307,0.3563483225498991,0.6153846153846154,0.6396321850925384,0.4835164835164835,0.15384615384615385,0.5188679245283019,0.5827814569536424,0.676923076923077,0.3230769230769231,0.7333333333333333,0.8461538461538461,0.5164835164835165,44,88,16,47,1169,1032,195,92.32511377334595,2,RF,lucene-2.0.csv,More1,21
21,0.746513102282333,0.6000647241714342,0.31180478223116176,0.5924225028702641,0.6177837847772697,0.46153846153846156,0.17307692307692307,0.49528301886792453,0.5562913907284769,0.6564102564102564,0.3435897435897436,0.7,0.8269230769230769,0.5384615384615384,42,86,18,49,1165,1028,195,96.60267972946167,2,RF,lucene-2.0.csv,More1,22
22,0.7600380388841926,0.6368582844577609,0.3634273778934877,0.6358345131351266,0.6535228677181849,0.5164835164835165,0.17307692307692307,0.5477855477855479,0.6025641025641025,0.6820512820512821,0.31794871794871793,0.7230769230769231,0.8269230769230769,0.4835164835164835,47,86,18,44,1169,1032,195,100.94406604766846,2,RF,lucene-2.0.csv,More1,23
23,0.7329353338968725,0.645688260625795,0.31687596804314055,0.6450261780104712,0.6504436355879909,0.5714285714285714,0.25961538461538464,0.5869074492099323,0.6117647058823529,0.6615384615384615,0.3384615384615385,0.6582278481012658,0.7403846153846154,0.42857142857142855,52,77,27,39,1167,1030,195,105.33634757995605,2,RF,lucene-2.0.csv,More1,24
24,0.7556530008453086,0.6558524477248338,0.33781490866273134,0.6556701030927834,0.6609184418770495,0.5824175824175825,0.25,0.5981941309255079,0.6235294117647059,0.6717948717948717,0.3282051282051282,0.6708860759493671,0.75,0.4175824175824176,53,78,26,38,1166,1028,195,109.66275143623352,2,RF,lucene-2.0.csv,More1,25
25,0.7338863060016907,0.61483065795617,0.33257742038438287,0.6102241573939687,0.6323218628930023,0.4835164835164835,0.17307692307692307,0.5164319248826291,0.5751633986928105,0.6666666666666666,0.3333333333333333,0.7096774193548387,0.8269230769230769,0.5164835164835165,44,86,18,47,1172,1034,195,114.03506064414978,2,RF,lucene-2.0.csv,More1,26
26,0.7577134404057482,0.6550638459536128,0.3596651492729768,0.6551778160739463,0.6647443403586707,0.5604395604395604,0.21153846153846154,0.5835240274599542,0.6219512195121952,0.6820512820512821,0.31794871794871793,0.6986301369863014,0.7884615384615384,0.43956043956043955,51,82,22,40,1173,1036,195,118.3575029373169,2,RF,lucene-2.0.csv,More1,27
27,0.7510038038884194,0.592437855854573,0.33997933862564894,0.5829959514170041,0.6167567121055948,0.43956043956043955,0.1346153846153846,0.47846889952153104,0.5517241379310345,0.6666666666666666,0.3333333333333333,0.7407407407407407,0.8653846153846154,0.5604395604395604,40,90,14,51,1171,1032,195,122.69792366027832,2,RF,lucene-2.0.csv,More1,28
28,0.7658495350803044,0.6610940529094946,0.40548045039884517,0.6632614164824275,0.6779649823765421,0.5494505494505495,0.16346153846153846,0.580046403712297,0.6329113924050632,0.7025641025641025,0.29743589743589743,0.746268656716418,0.8365384615384616,0.45054945054945056,50,87,17,41,1166,1028,195,126.97745180130005,2,RF,lucene-2.0.csv,More1,29
29,0.7435016906170753,0.6489531242865212,0.33806170189140666,0.6484424666242847,0.6565876591775672,0.5604395604395604,0.23076923076923078,0.5808656036446469,0.6144578313253013,0.6717948717948717,0.3282051282051282,0.68,0.7692307692307693,0.43956043956043955,51,80,24,40,1169,1032,195,131.31586241722107,2,RF,lucene-2.0.csv,More1,30
0,0.7883421985815603,0.5940795576869138,0.19375697245530973,0.5853000674308834,0.6202836230706444,0.875,0.5602836879432624,0.445859872611465,0.2568807339449541,0.4840764331210191,0.5159235668789809,0.15053763440860216,0.4397163120567376,0.125,14,62,79,2,1201,996,157,4.074105501174927,2,RF,synapse-1.0.csv,More1,1
1,0.786790780141844,0.5450024161682927,0.15526645934242247,0.5188880969351389,0.5680625277740056,0.875,0.6312056737588653,0.41916167664670656,0.23529411764705885,0.42038216560509556,0.5796178343949044,0.13592233009708737,0.36879432624113473,0.125,14,52,89,2,1203,998,157,8.198084354400635,2,RF,synapse-1.0.csv,More1,2
2,0.6274379432624114,0.5499207681430455,0.15909826840865357,0.5258681785967398,0.5734986566853126,0.875,0.624113475177305,0.4216867469879518,0.23728813559322037,0.4267515923566879,0.5732484076433121,0.13725490196078433,0.375886524822695,0.125,14,53,88,2,1210,1006,157,12.279138088226318,2,RF,synapse-1.0.csv,More1,3
3,0.7750443262411347,0.525308795663038,0.13989101800285936,0.4901531728665208,0.5457768229098153,0.875,0.6595744680851063,0.4093567251461988,0.2276422764227642,0.39490445859872614,0.6050955414012739,0.1308411214953271,0.3404255319148936,0.125,14,48,93,2,1212,1008,157,16.40413498878479,2,RF,synapse-1.0.csv,More1,4
4,0.7881205673758864,0.633132398465768,0.2255271126963772,0.6334841628959277,0.6590881300103708,0.875,0.5035460992907801,0.46979865771812085,0.2772277227722772,0.535031847133758,0.46496815286624205,0.16470588235294117,0.49645390070921985,0.125,14,70,71,2,1207,1002,157,20.5470290184021,2,RF,synapse-1.0.csv,More1,5
5,0.7515514184397163,0.6282632172800484,0.22147457139841448,0.6276803118908382,0.654363423001089,0.875,0.5106382978723404,0.46666666666666673,0.2745098039215686,0.5286624203821656,0.4713375796178344,0.16279069767441862,0.48936170212765956,0.125,14,69,72,2,1204,1000,157,24.56827425956726,2,RF,synapse-1.0.csv,More1,6
6,0.8067375886524824,0.6087496674503841,0.2055138058548084,0.603848706038487,0.6351132137865194,0.875,0.5390070921985816,0.4545454545454546,0.26415094339622647,0.5031847133757962,0.4968152866242038,0.15555555555555556,0.46099290780141844,0.125,14,65,76,2,1204,1000,157,28.66132879257202,2,RF,synapse-1.0.csv,More1,7
7,0.7963209219858156,0.525308795663038,0.13989101800285936,0.4901531728665208,0.5457768229098153,0.875,0.6595744680851063,0.4093567251461988,0.2276422764227642,0.39490445859872614,0.6050955414012739,0.1308411214953271,0.3404255319148936,0.125,14,48,93,2,1207,1002,157,32.80328154563904,2,RF,synapse-1.0.csv,More1,8
8,0.7783687943262411,0.4957142425471843,0.11644732041748751,0.44444444444444436,0.5105274702426309,0.875,0.7021276595744681,0.3954802259887006,0.21705426356589147,0.35668789808917195,0.643312101910828,0.12389380530973451,0.2978723404255319,0.125,14,42,99,2,1203,998,157,36.91229200363159,2,RF,synapse-1.0.csv,More1,9
9,0.7905585106382979,0.6087496674503841,0.2055138058548084,0.603848706038487,0.6351132137865194,0.875,0.5390070921985816,0.4545454545454546,0.26415094339622647,0.5031847133757962,0.4968152866242038,0.15555555555555556,0.46099290780141844,0.125,14,65,76,2,1210,1006,157,41.072152614593506,2,RF,synapse-1.0.csv,More1,10
10,0.7779255319148937,0.5793829749265961,0.18213269244389269,0.5661411925976696,0.6050906971463449,0.875,0.5815602836879432,0.4375,0.25000000000000006,0.46496815286624205,0.535031847133758,0.14583333333333334,0.41843971631205673,0.125,14,59,82,2,1206,1002,157,45.20110058784485,2,RF,synapse-1.0.csv,More1,11
11,0.8062943262411347,0.530235105602548,0.1437461258846579,0.4974619289340101,0.551432692342771,0.875,0.6524822695035462,0.411764705882353,0.22950819672131148,0.4012738853503185,0.5987261146496815,0.1320754716981132,0.3475177304964539,0.125,14,49,92,2,1203,998,157,49.29218816757202,2,RF,synapse-1.0.csv,More1,12
12,0.7832446808510638,0.5695718847691662,0.17443432866333367,0.553014553014553,0.5947465041976449,0.875,0.5957446808510638,0.4320987654320987,0.2456140350877193,0.45222929936305734,0.5477707006369427,0.14285714285714285,0.40425531914893614,0.125,14,57,84,2,1207,1002,157,53.421119928359985,2,RF,synapse-1.0.csv,More1,13
13,0.773936170212766,0.7029756495308149,0.2675925504728019,0.7059549521752546,0.7121040644326925,0.8125,0.375886524822695,0.5,0.3170731707317073,0.643312101910828,0.35668789808917195,0.19696969696969696,0.624113475177305,0.1875,13,88,53,3,1205,1000,157,57.58498454093933,2,RF,synapse-1.0.csv,More1,14
14,0.8120567375886524,0.5891834980129033,0.18986972495335422,0.5789830508474575,0.6152610009506373,0.875,0.5673758865248227,0.4430379746835443,0.25454545454545446,0.47770700636942676,0.5222929936305732,0.14893617021276595,0.4326241134751773,0.125,14,61,80,2,1206,1000,157,61.67507481575012,2,RF,synapse-1.0.csv,More1,15
15,0.8009751773049646,0.5105190651730381,0.12825056625674094,0.467706013363029,0.5284461364689274,0.875,0.6808510638297872,0.40229885057471254,0.22222222222222224,0.37579617834394907,0.6242038216560509,0.12727272727272726,0.3191489361702128,0.125,14,45,96,2,1210,1006,157,65.83791494369507,2,RF,synapse-1.0.csv,More1,16
16,0.8193705673758865,0.5597509340116478,0.1667608916180551,0.5395935529081991,0.5842191855267924,0.875,0.6099290780141844,0.4268292682926829,0.24137931034482757,0.4394904458598726,0.5605095541401274,0.14,0.3900709219858156,0.125,14,55,86,2,1209,1004,157,70.05962586402893,2,RF,synapse-1.0.csv,More1,17
17,0.7841312056737588,0.603862753966145,0.2015773324373797,0.5977318212141428,0.6302087912488812,0.875,0.5460992907801419,0.4516129032258065,0.2616822429906543,0.4968152866242038,0.5031847133757962,0.15384615384615385,0.45390070921985815,0.125,14,64,77,2,1208,1004,157,74.23349285125732,2,RF,synapse-1.0.csv,More1,18
18,0.794991134751773,0.633132398465768,0.2255271126963772,0.6334841628959277,0.6590881300103708,0.875,0.5035460992907801,0.46979865771812085,0.2772277227722772,0.535031847133758,0.46496815286624205,0.16470588235294117,0.49645390070921985,0.125,14,70,71,2,1201,996,157,78.29862642288208,2,RF,synapse-1.0.csv,More1,19
19,0.8153812056737588,0.6087496674503841,0.2055138058548084,0.603848706038487,0.6351132137865194,0.875,0.5390070921985816,0.4545454545454546,0.26415094339622647,0.5031847133757962,0.4968152866242038,0.15555555555555556,0.46099290780141844,0.125,14,65,76,2,1207,1002,157,82.37768626213074,2,RF,synapse-1.0.csv,More1,20
20,0.7276152482269502,0.5351595200261245,0.14759236461286449,0.5046863734679163,0.5570311373193265,0.875,0.6453900709219859,0.41420118343195267,0.23140495867768596,0.40764331210191085,0.5923566878980892,0.13333333333333333,0.3546099290780142,0.125,14,50,91,2,1207,1002,157,86.487722158432,2,RF,synapse-1.0.csv,More1,21
21,0.8065159574468085,0.5989726792958999,0.19765894866459083,0.591549295774648,0.6252659008841843,0.875,0.5531914893617021,0.44871794871794873,0.2592592592592593,0.49044585987261147,0.5095541401273885,0.15217391304347827,0.44680851063829785,0.125,14,63,78,2,1207,1002,157,90.62067317962646,2,RF,synapse-1.0.csv,More1,22
22,0.6578014184397163,0.6203333889098472,0.16628814737911213,0.6175243393602224,0.6273890509696481,0.75,0.475177304964539,0.4195804195804196,0.25263157894736843,0.5477707006369427,0.45222929936305734,0.1518987341772152,0.524822695035461,0.25,12,74,67,4,1207,1002,157,94.73267459869385,2,RF,synapse-1.0.csv,More1,23
23,0.768395390070922,0.5646626002718902,0.17059536578597448,0.5463414634146341,0.5895063447465633,0.875,0.6028368794326241,0.4294478527607362,0.2434782608695652,0.445859872611465,0.554140127388535,0.1414141414141414,0.3971631205673759,0.125,14,56,85,2,1204,1000,157,98.80176734924316,2,RF,synapse-1.0.csv,More1,24
24,0.8226950354609929,0.5499207681430455,0.15909826840865357,0.5258681785967398,0.5734986566853126,0.875,0.624113475177305,0.4216867469879518,0.23728813559322037,0.4267515923566879,0.5732484076433121,0.13725490196078433,0.375886524822695,0.125,14,53,88,2,1205,1000,157,102.87687039375305,2,RF,synapse-1.0.csv,More1,25
25,0.7770390070921985,0.5365135589812264,0.18508214933300116,0.5070714039323904,0.5707870639217618,0.9375,0.6524822695035462,0.43859649122807015,0.24390243902439027,0.40764331210191085,0.5923566878980892,0.14018691588785046,0.3475177304964539,0.0625,15,49,92,1,1200,996,157,106.90210580825806,2,RF,synapse-1.0.csv,More1,26
26,0.7723847517730497,0.530235105602548,0.1437461258846579,0.4974619289340101,0.551432692342771,0.875,0.6524822695035462,0.411764705882353,0.22950819672131148,0.4012738853503185,0.5987261146496815,0.1320754716981132,0.3475177304964539,0.125,14,49,92,2,1215,1010,157,111.07497382164001,2,RF,synapse-1.0.csv,More1,27
27,0.7910017730496454,0.6185135249944734,0.21344778982047738,0.6158896913985555,0.644810159538427,0.875,0.524822695035461,0.46052631578947373,0.26923076923076916,0.5159235668789809,0.4840764331210191,0.1590909090909091,0.475177304964539,0.125,14,67,74,2,1205,1000,157,115.14705729484558,2,RF,synapse-1.0.csv,More1,28
28,0.7905585106382979,0.5351595200261245,0.14759236461286449,0.5046863734679163,0.5570311373193265,0.875,0.6453900709219859,0.41420118343195267,0.23140495867768596,0.40764331210191085,0.5923566878980892,0.13333333333333333,0.3546099290780142,0.125,14,50,91,2,1206,1002,157,119.24908900260925,2,RF,synapse-1.0.csv,More1,29
29,0.8182624113475178,0.5154507205141161,0.132145517957105,0.47527675276752773,0.5342854975645526,0.875,0.6737588652482269,0.4046242774566474,0.22399999999999998,0.3821656050955414,0.6178343949044586,0.12844036697247707,0.3262411347517731,0.125,14,46,95,2,1208,1004,157,123.380042552948,2,RF,synapse-1.0.csv,More1,30
0,0.8085371734539468,0.7473571955919494,0.30356771690841095,0.7484911239327124,0.7496333861820502,0.7922077922077922,0.2906530089628681,0.511744966442953,0.33424657534246577,0.7167832167832168,0.28321678321678323,0.21180555555555555,0.7093469910371318,0.2077922077922078,61,554,227,16,624,474,858,1.152890682220459,2,RF,tomcat-6.0.389418.csv,More1,1
1,0.7807256763722833,0.665605479814551,0.22285000212648134,0.6679113408971229,0.6811807275587386,0.8311688311688312,0.44174135723431496,0.4463040446304045,0.26337448559670784,0.5827505827505828,0.4172494172494173,0.15647921760391198,0.558258642765685,0.16883116883116883,64,436,345,13,623,474,858,2.2399826049804688,2,RF,tomcat-6.0.389418.csv,More1,2
2,0.7975123468081213,0.7189799612820762,0.2717333498385284,0.7223458359821996,0.7273527484785889,0.8181818181818182,0.353393085787452,0.4868624420401856,0.3028846153846154,0.662004662004662,0.337995337995338,0.18584070796460178,0.646606914212548,0.18181818181818182,63,505,276,14,628,478,858,3.3490164279937744,2,RF,tomcat-6.0.389418.csv,More1,3
3,0.8299715649267505,0.744398658416426,0.3015587636598203,0.7472170686456401,0.7500436490615822,0.8181818181818182,0.31241997439180536,0.5121951219512195,0.32812500000000006,0.6993006993006993,0.3006993006993007,0.20521172638436483,0.6875800256081946,0.18181818181818182,63,537,244,14,622,472,858,4.446084260940552,2,RF,tomcat-6.0.389418.csv,More1,4
4,0.8059181535493956,0.7373240138769921,0.29286263511153915,0.7403598971722365,0.7437318090825679,0.8181818181818182,0.323943661971831,0.5048076923076923,0.3206106870229008,0.6888111888111889,0.3111888111888112,0.19936708860759494,0.676056338028169,0.18181818181818182,63,528,253,14,626,476,858,5.568082571029663,2,RF,tomcat-6.0.389418.csv,More1,5
5,0.7922992500457289,0.7272688015453623,0.27603805816383553,0.7283639091591079,0.7299201858599742,0.7792207792207793,0.31626120358514725,0.4878048780487804,0.3125,0.6923076923076923,0.3076923076923077,0.19543973941368079,0.6837387964148528,0.22077922077922077,60,534,247,17,622,472,858,6.6671435832977295,2,RF,tomcat-6.0.389418.csv,More1,6
6,0.8134925254003359,0.7454984550503659,0.3011714514850873,0.7461375037540461,0.7468109027296478,0.7792207792207793,0.28425096030729835,0.5084745762711864,0.3342618384401114,0.7214452214452215,0.27855477855477856,0.2127659574468085,0.7157490396927016,0.22077922077922077,60,559,222,17,622,472,858,7.792136192321777,2,RF,tomcat-6.0.389418.csv,More1,7
7,0.8026672431281906,0.7537282410665376,0.3135805008690878,0.7561983471074379,0.7583777231956776,0.8181818181818182,0.2970550576184379,0.5223880597014926,0.3387096774193548,0.7132867132867133,0.2867132867132867,0.2135593220338983,0.7029449423815621,0.18181818181818182,63,549,232,14,622,472,858,8.876263618469238,2,RF,tomcat-6.0.389418.csv,More1,8
8,0.7813575668889369,0.7122801538624013,0.26163035453060907,0.71486976893748,0.7194105855038173,0.8051948051948052,0.35723431498079383,0.47765793528505396,0.2966507177033493,0.6573426573426573,0.34265734265734266,0.18181818181818182,0.6427656850192062,0.19480519480519481,62,502,279,15,623,474,858,9.965355157852173,2,RF,tomcat-6.0.389418.csv,More1,9
9,0.7810915077240299,0.6755943947586067,0.23635535864604637,0.6794345108471743,0.692751195380155,0.8441558441558441,0.43149807938540335,0.45774647887323944,0.2713987473903967,0.5932400932400932,0.40675990675990675,0.16169154228855723,0.5685019206145967,0.15584415584415584,65,444,337,12,624,474,858,11.051446676254272,2,RF,tomcat-6.0.389418.csv,More1,10
10,0.7977202055307049,0.6965885709544011,0.2602473662760865,0.7026822818284851,0.7143771662692253,0.8571428571428571,0.4046094750320102,0.47826086956521735,0.2875816993464052,0.6188811188811189,0.3811188811188811,0.17277486910994763,0.5953905249679897,0.14285714285714285,66,465,316,11,625,476,858,12.145521402359009,2,RF,tomcat-6.0.389418.csv,More1,11
11,0.8066248732061793,0.706123494501997,0.2502277337197407,0.7075108946423994,0.7105260483688446,0.7792207792207793,0.352112676056338,0.46656298600311036,0.2912621359223301,0.6596736596736597,0.34032634032634035,0.1791044776119403,0.647887323943662,0.22077922077922077,60,506,275,17,625,476,858,13.265498876571655,2,RF,tomcat-6.0.389418.csv,More1,12
12,0.7715216921362887,0.748300951420573,0.30650599241191895,0.7509814486952506,0.7535273819223269,0.8181818181818182,0.3060179257362356,0.5163934426229508,0.33245382585751987,0.7051282051282052,0.2948717948717949,0.20860927152317882,0.6939820742637645,0.18181818181818182,63,542,239,14,622,472,858,14.362565279006958,2,RF,tomcat-6.0.389418.csv,More1,13
13,0.7877429868467,0.7352502367180933,0.2928236562749679,0.7393583933173377,0.7439106552578314,0.8311688311688312,0.33418693982074266,0.5055292259083729,0.3184079601990049,0.6806526806526807,0.31934731934731936,0.19692307692307692,0.6658130601792573,0.16883116883116883,64,520,261,13,623,474,858,15.457636833190918,2,RF,tomcat-6.0.389418.csv,More1,14
14,0.7716713504165488,0.6854656051535419,0.24995210850693625,0.6909554140127389,0.7043204618415693,0.8571428571428571,0.4212548015364917,0.46941678520625885,0.2796610169491525,0.6037296037296037,0.3962703962703963,0.1670886075949367,0.5787451984635084,0.14285714285714285,66,452,329,11,624,474,858,16.562681436538696,2,RF,tomcat-6.0.389418.csv,More1,15
15,0.8121040291334785,0.7132192230801165,0.2686904836572561,0.7175393711979078,0.7243401640087356,0.8311688311688312,0.3687580025608195,0.48484848484848486,0.29836829836829837,0.6491841491841492,0.3508158508158508,0.18181818181818182,0.6312419974391805,0.16883116883116883,64,493,288,13,625,476,858,17.64977502822876,2,RF,tomcat-6.0.389418.csv,More1,16
16,0.8181651894840115,0.7585681449906712,0.31960332388992996,0.759989530622928,0.7611900855737517,0.8051948051948052,0.28040973111395645,0.5263157894736842,0.3463687150837989,0.7272727272727273,0.2727272727272727,0.2206405693950178,0.7195902688860435,0.19480519480519481,62,562,219,15,626,476,858,18.7578387260437,2,RF,tomcat-6.0.389418.csv,More1,17
17,0.8160450305136605,0.7637049096248182,0.3387801132358241,0.763797438046211,0.7638723754896608,0.7532467532467533,0.22535211267605634,0.5350553505535056,0.3729903536977492,0.7727272727272727,0.22727272727272727,0.24786324786324787,0.7746478873239436,0.24675324675324675,58,605,176,19,623,474,858,19.853880405426025,2,RF,tomcat-6.0.389418.csv,More1,18
18,0.8093686083442806,0.7358063718566334,0.28917868951909664,0.738012664175598,0.74059500974241,0.8051948051948052,0.31882202304737517,0.5008077544426495,0.3195876288659794,0.6923076923076923,0.3076923076923077,0.19935691318327975,0.6811779769526248,0.19480519480519481,62,532,249,15,625,474,858,20.943994283676147,2,RF,tomcat-6.0.389418.csv,More1,19
19,0.7785390026107055,0.7093958321297205,0.26845774096051134,0.714731975509184,0.7232833697783932,0.8441558441558441,0.38028169014084506,0.4850746268656716,0.29612756264236906,0.6398601398601399,0.36013986013986016,0.17955801104972377,0.6197183098591549,0.15584415584415584,65,484,297,12,622,472,858,22.050008058547974,2,RF,tomcat-6.0.389418.csv,More1,20
20,0.8077389959592264,0.7341599884388796,0.2890793580127602,0.7372781990150863,0.7409092872909254,0.8181818181818182,0.3290653008962868,0.5015923566878981,0.3173803526448362,0.6841491841491841,0.31585081585081587,0.196875,0.6709346991037132,0.18181818181818182,63,524,257,14,623,474,858,23.144081592559814,2,RF,tomcat-6.0.389418.csv,More1,21
21,0.8101335284433876,0.730390422091864,0.2872938223463029,0.7345972622317501,0.7396064109026996,0.8311688311688312,0.3418693982074264,0.5007824726134585,0.3137254901960784,0.6736596736596736,0.32634032634032634,0.1933534743202417,0.6581306017925737,0.16883116883116883,64,514,267,13,623,474,858,24.24517011642456,2,RF,tomcat-6.0.389418.csv,More1,22
22,0.8284999251708598,0.7368651987355732,0.2946899693502696,0.7409345960212026,0.7453398797363459,0.8311688311688312,0.33162612035851474,0.5071315372424723,0.31999999999999995,0.682983682983683,0.317016317016317,0.19814241486068113,0.6683738796414853,0.16883116883116883,64,522,259,13,623,474,858,25.335252285003662,2,RF,tomcat-6.0.389418.csv,More1,23
23,0.7931556279827727,0.7201953907035703,0.27053949102442504,0.7227193042369602,0.7265406961589169,0.8051948051948052,0.3444302176696543,0.48513302034428796,0.30392156862745096,0.668997668997669,0.331002331002331,0.18731117824773413,0.6555697823303457,0.19480519480519481,62,512,269,15,624,474,858,26.44625163078308,2,RF,tomcat-6.0.389418.csv,More1,24
24,0.7805344463475065,0.7336327563766519,0.2909689953018525,0.7377767886947814,0.7424786796177258,0.8311688311688312,0.33674775928297057,0.5039370078740157,0.31683168316831684,0.6783216783216783,0.32167832167832167,0.19571865443425077,0.6632522407170295,0.16883116883116883,64,518,263,13,622,472,858,27.546337127685547,2,RF,tomcat-6.0.389418.csv,More1,25
25,0.7546019921179972,0.7033062347076393,0.25852874676325993,0.7075073832753014,0.7154703580726988,0.8311688311688312,0.38412291933418696,0.47619047619047633,0.29024943310657597,0.6351981351981352,0.36480186480186483,0.17582417582417584,0.615877080665813,0.16883116883116883,64,481,300,13,624,474,858,28.648395776748657,2,RF,tomcat-6.0.389418.csv,More1,26
26,0.8088198613166602,0.7602304788030549,0.3242023496441563,0.7604895104895105,0.760709329292261,0.7792207792207793,0.2573623559539053,0.5272407732864675,0.3550295857988166,0.745920745920746,0.2540792540792541,0.22988505747126436,0.7426376440460948,0.22077922077922077,60,580,201,17,628,478,858,29.74343514442444,2,RF,tomcat-6.0.389418.csv,More1,27
27,0.7858057435522224,0.7339308993719609,0.2855152390548721,0.7354605063376559,0.7373546660102166,0.7922077922077922,0.31370038412291934,0.496742671009772,0.31853785900783294,0.6958041958041958,0.3041958041958042,0.19934640522875818,0.6862996158770807,0.2077922077922078,61,536,245,16,624,474,858,30.81756281852722,2,RF,tomcat-6.0.389418.csv,More1,28
28,0.8183896769044016,0.7202511788501555,0.27958268655301727,0.7256778309409889,0.7329325225725954,0.8441558441558441,0.36363636363636365,0.4946727549467276,0.30516431924882625,0.655011655011655,0.34498834498834496,0.18624641833810887,0.6363636363636364,0.15584415584415584,65,497,284,12,627,478,858,31.960533380508423,2,RF,tomcat-6.0.389418.csv,More1,29
29,0.8195703144486757,0.7197847364264172,0.2726221932241636,0.7231441048034934,0.7280725435567379,0.8181818181818182,0.352112676056338,0.48761609907120745,0.3036144578313253,0.6631701631701632,0.3368298368298368,0.1863905325443787,0.647887323943662,0.18181818181818182,63,506,275,14,628,478,858,33.07355833053589,2,RF,tomcat-6.0.389418.csv,More1,30
