wmc,dit,noc,cbo,rfc,lcom,ca,ce,npm,lcom3,loc,dam,moa,mfa,cam,ic,cbm,amc,max(cc),avg(cc),bugs
3,1,0,1,5,0,1,0,3,0,45,1,0,0,0.6666667,0,0,13.333333,2,1,0
5,4,0,1,9,10,1,0,3,0.75,81,1,0,0.9245283,0.44,2,2,15,5,2,0
3,1,0,1,7,0,1,0,3,0,58,1,0,0,0.6666667,0,0,17.666666,4,1.6666666,0
1,1,0,1,13,0,1,0,0,2,115,0,0,0,1,0,0,100,0,0,0
2,1,0,6,2,1,4,2,2,2,2,0,0,0,1,0,0,0,1,1,0
2,4,0,2,4,1,0,2,1,2,20,0,0,0.9714286,0.75,1,1,9,3,1.5,0
2,3,0,7,17,1,1,6,1,2,108,0,0,0.98717946,0.625,1,3,53,8,4,0
1,1,0,4,1,0,3,1,1,2,1,0,0,0,1,0,0,0,1,1,0
1,1,0,3,1,0,2,1,1,2,1,0,0,0,1,0,0,0,1,1,0
4,1,0,2,6,0,0,2,4,0.33333334,19,1,0,0,0.625,0,0,3.5,1,0.75,0
2,4,0,2,4,1,0,2,1,2,20,0,0,0.9714286,0.75,1,1,9,3,1.5,0
4,5,0,5,19,6,0,5,4,2,57,0,0,0.97849464,0.625,2,4,13.25,2,1,0
13,1,0,7,28,20,2,5,12,0.8095238,183,1,2,0,0.3,0,0,12.538462,7,1.3846154,0
2,4,0,2,4,1,0,2,1,2,12,0,0,0.9714286,0.75,1,1,5,1,0.5,0
1,1,0,4,1,0,3,1,1,2,1,0,0,0,1,0,0,0,1,1,0
4,1,1,2,7,4,2,0,3,0.6666667,502,0.5,0,0,0.5555556,0,0,124,4,1.25,0
5,4,0,10,27,2,0,10,3,0.625,146,1,1,0.9130435,0.36,2,5,27.8,5,2,0
6,4,0,7,27,0,2,5,4,0,169,1,0,0.8717949,0.30555555,3,7,27,6,3.1666667,0
6,1,0,3,11,0,0,3,6,0.5,56,1,0,0,0.375,0,0,8,3,1.1666666,0
2,4,0,2,5,1,0,2,1,2,11,0,0,0.9714286,0.75,1,1,4.5,1,0.5,0
5,1,0,3,6,6,3,0,5,0.75,24,1,0,0,0.7,0,0,3.4,1,0.8,0
1,1,0,4,1,0,3,1,1,2,1,0,0,0,1,0,0,0,1,1,0
6,1,0,3,10,0,0,3,6,0.4,52,1,1,0,0.375,0,0,7.3333335,2,1,0
9,1,0,7,21,16,0,7,9,0.85,123,1,1,0,0.31111112,0,0,12.111111,7,1.6666666,0
2,1,0,6,4,1,4,2,2,2,8,0,0,0,0.75,0,0,3,1,0.5,0
8,2,1,4,18,2,1,3,7,0.6904762,194,1,0,0.5625,0.35,0,0,22.5,4,1.5,0
16,1,0,13,31,76,5,8,13,0.7916667,165,1,2,0,0.1953125,0,0,8.8125,4,1.3125,0
3,2,1,4,5,3,1,3,3,2,11,0,0,0.8181818,0.6666667,0,0,2.6666667,1,0.6666667,0
4,1,0,5,7,4,3,2,4,0.33333334,35,1,1,0,0.5833333,0,0,7.5,2,1,0
2,4,0,3,4,1,1,2,1,2,12,0,0,0.9714286,0.75,1,1,5,1,0.5,1
1,1,0,4,1,0,2,2,1,2,1,0,0,0,1,0,0,0,1,1,0
6,2,0,4,34,11,0,4,5,0.6,236,0.33333334,1,0.82758623,0.6666667,1,2,37.833332,6,1.6666666,1
5,1,0,6,10,0,2,4,4,0.9,74,0.6,3,0,0.5833333,0,0,12.8,5,1.2,0
27,3,2,25,41,321,2,23,27,0,191,1,0,0.53571427,0.08465608,0,0,6.037037,4,1.1851852,1
5,2,2,9,10,6,7,2,4,0.9,185,0.4,6,0.8,0.5,1,1,34,5,1.2,0
5,2,2,3,8,8,2,1,3,0.9583333,101,0.16666667,5,0.8,0.625,1,1,18,1,0.4,0
3,4,0,3,9,3,0,3,3,2,33,0,0,0.9722222,0.5555556,0,0,10,4,1.3333334,0
3,1,0,6,17,0,1,5,2,1.1428572,156,1,1,0,0.5833333,0,0,46.333332,9,4.3333335,0
1,1,0,5,1,0,4,2,1,2,1,0,0,0,1,0,0,0,1,1,0
2,4,0,2,4,1,2,0,2,2,9,0,0,1,0.75,0,0,3.5,0,0,0
4,4,0,3,11,0,0,3,4,0,84,1,0,0.9459459,0.4375,0,0,19.75,12,3.25,0
3,1,0,11,28,3,1,10,2,1.5,111,0,0,0,0.8333333,0,0,35.666668,7,2.6666667,0
1,1,0,26,1,0,25,1,1,2,1,0,0,0,1,0,0,0,1,1,0
3,4,0,3,19,3,0,3,1,2,83,0,0,0.95652175,0.6666667,1,1,26.666666,4,2,0
1,1,0,2,1,0,2,0,1,2,1,0,0,0,1,0,0,0,1,1,0
1,2,0,1,3,0,0,1,1,2,7,0,0,1,1,0,0,6,0,0,0
3,4,0,5,11,1,1,4,1,0.5,41,1,1,0.9714286,0.75,1,2,12.333333,3,1,1
8,3,0,11,33,4,0,11,6,0.7714286,167,1,4,0.8108108,0.25,1,3,19.25,5,2,0
9,1,0,3,12,20,1,2,8,0.8125,54,1,3,0,0.375,0,0,4.5555553,1,0.7777778,0
3,4,0,4,9,3,1,3,3,2,27,0,0,0.9722222,0.5555556,0,0,8,3,1,0
11,4,0,8,45,15,1,7,11,0.56666666,279,0.6666667,2,0.8548387,0.3272727,3,6,24.09091,10,2.5454545,1
3,3,0,3,8,1,2,1,3,0,49,1,1,0.9375,0.6666667,0,0,14.333333,4,1.3333334,0
3,1,0,69,3,3,69,0,3,2,3,0,0,0,1,0,0,0,1,1,0
6,4,0,7,16,9,1,6,5,0.8,72,1,1,0.93333334,0.7,0,0,10.5,3,1.1666666,0
4,1,0,6,18,0,0,6,4,0.33333334,100,1,1,0,0.5,0,0,23.5,3,1.25,0
6,1,0,3,14,0,2,1,6,0,58,1,0,0,0.53333336,0,0,8.5,1,0.6666667,0
6,1,0,4,15,15,3,1,5,2,125,0,0,0,0.4,0,0,19.833334,1,0.8333333,1
3,4,0,4,9,3,1,3,3,2,27,0,0,0.9722222,0.5555556,0,0,8,3,1,0
0,1,0,3,0,0,1,2,0,2,0,0,0,0,0,0,0,0,0,0,0
8,2,1,8,15,20,5,3,7,0.9142857,136,0.4,4,0.61538464,0.47619048,1,1,15.375,7,1.5,0
4,4,0,3,12,0,0,3,3,0.6666667,55,1,0,0.93333334,0.625,1,1,12.25,4,1.5,0
8,2,0,6,15,6,0,6,8,0.74285716,122,1,1,0.5625,0.4375,0,0,13.625,2,1.125,0
3,1,0,1,23,1,0,1,3,0.6666667,121,0.6666667,0,0,0.6666667,0,0,38.333332,5,1.6666666,0
2,1,0,4,2,1,3,2,2,2,2,0,0,0,0.6666667,0,0,0,1,1,0
3,4,0,3,20,3,0,3,1,2,82,0,0,0.95652175,0.5,1,1,26.333334,6,2.3333333,0
3,3,0,3,5,1,0,3,2,0.5,14,1,0,0.9736842,1,0,0,3.3333333,1,0.33333334,0
6,2,0,9,16,11,1,8,5,0.95,195,0.5833333,11,0.72727275,0.4,1,1,29.5,3,1,0
4,4,0,5,8,4,2,3,3,0.8333333,42,1,1,0.9444444,0.5833333,1,1,9,2,1,0
2,3,0,3,7,1,0,3,2,2,25,0,0,0.969697,1,0,0,11.5,1,0.5,0
5,3,9,18,12,10,16,2,4,2,62,0,0,0.88235295,0.53333336,1,1,11.4,5,2,0
2,2,0,3,13,1,1,2,2,2,48,0,0,0.875,0.75,0,0,23,5,2.5,0
2,2,0,6,20,1,1,5,2,2,80,1,0,0.75,0.75,1,1,38.5,1,0.5,0
4,4,0,4,7,0,0,4,3,0,34,1,0,0.9189189,0.5,1,1,7.25,2,1,0
5,5,0,2,9,10,0,2,2,2,24,0,0,0.96153843,0.4,1,2,3.8,1,0.6,0
6,1,0,3,25,0,1,2,6,0.3,135,1,0,0,0.44444445,0,0,21.166666,4,2,0
7,2,2,2,15,0,2,0,5,0.8666667,143,1,0,0.45454547,0.39285713,1,1,18.714285,1,0.85714287,0
5,3,0,9,44,8,1,8,3,0.625,298,1,0,0.84210527,0.54285717,1,1,57.8,1,0.6,1
25,1,1,13,59,248,9,4,20,0.875,290,1,1,0,0.17333333,0,0,10.36,6,1.4,0
5,2,0,8,16,8,1,7,1,0.875,77,0.5,0,0.5714286,0.4375,1,2,14,2,0.8,0
7,1,0,5,16,0,0,5,6,0.5,86,1,0,0,0.64285713,0,0,11,1,0.85714287,0
2,5,0,4,3,0,3,1,2,0,13,1,0,0.95454544,0.75,0,0,5,1,0.5,0
14,3,0,7,46,27,0,7,8,0.83760685,372,0.6666667,0,0.74,0.21428572,1,1,24.928572,5,1.8571428,0
17,2,2,9,51,28,5,4,12,0.546875,344,1,2,0.7922078,0.29411766,2,4,18.764706,5,2.1176472,2
2,5,0,3,3,0,2,1,2,0,13,1,0,0.95454544,0.75,0,0,5,1,0.5,0
2,1,0,2,9,0,0,2,2,0,74,1,1,0,0.6,0,0,35,1,0.5,0
4,2,0,4,8,0,1,3,4,0.33333334,37,1,0,0.75,0.625,0,0,8,3,1.25,0
4,4,0,7,19,6,0,7,4,2,74,0,0,0.94736844,0.875,0,0,17.5,2,1,0
10,1,1,4,23,0,4,0,10,0,298,1,0,0,0.36,0,0,28.7,6,2.6,0
12,2,0,7,37,44,0,7,9,0.8030303,231,1,2,0.45,0.29166666,0,0,17.75,5,1.6666666,0
28,4,5,23,45,348,5,23,28,0.037037037,204,1,0,0.5645161,0.07919255,0,0,6.25,4,1.2142857,1
4,6,0,4,16,0,0,4,3,0.33333334,52,1,0,0.973913,0.75,2,2,11.75,2,1,0
4,3,0,3,7,0,0,3,4,0,26,1,0,0.8695652,0.625,0,0,5.25,1,0.75,0
1,1,0,23,1,0,23,0,1,2,1,0,0,0,1,0,0,0,1,1,0
2,2,0,2,15,1,0,2,2,2,73,0,0,0.875,0.75,0,0,35.5,6,3,0
4,3,0,3,16,2,0,3,4,0.6666667,76,1,0,0.925,0.5,1,1,17.5,3,1.25,0
6,4,0,5,25,15,0,5,5,2,94,0,0,0.9479167,0.8333333,1,1,14.666667,3,1.1666666,0
1,1,0,9,1,0,8,1,1,2,1,0,0,0,1,0,0,0,1,1,0
12,4,0,6,45,66,0,6,11,2,173,0,0,0.89215684,0.30555555,1,1,13.416667,5,1.4166666,0
3,2,0,6,32,3,0,6,1,2,185,0,0,0.88235295,0.6666667,1,2,60.666668,12,4.3333335,0
26,4,0,4,34,203,0,4,26,0.88,399,1,0,0.67105263,0.4871795,1,1,13.884615,1,0.96153843,0
3,1,0,3,3,3,2,1,3,2,3,0,0,0,0.6666667,0,0,0,1,1,0
3,2,5,7,4,1,6,1,2,0.5,16,1,0,0.75,0.5555556,0,0,4,1,0.6666667,0
1,1,0,3,1,0,2,1,1,2,1,0,0,0,1,0,0,0,1,1,0
4,2,0,5,9,0,5,1,4,0.33333334,27,1,0,0.6666667,0.625,1,1,5.5,1,0.75,0
1,1,0,3,1,0,3,0,1,2,1,0,0,0,1,0,0,0,1,1,0
9,3,0,7,20,12,5,6,9,0.75,75,1,0,0.82222223,0.25925925,0,0,7,1,0.8888889,0
1,6,1,3,2,0,2,1,1,2,4,0,0,1,1,0,0,3,0,0,0
4,2,0,4,13,0,1,3,4,0.33333334,85,1,0,0.75,0.5,0,0,19.75,1,0.75,0
5,3,3,6,12,2,4,2,5,0.625,48,1,0,0.902439,0.46666667,0,0,8.2,1,0.8,0
3,4,0,5,15,3,0,5,2,2,51,0,0,0.97849464,0.6666667,1,1,16,2,1,0
7,1,7,14,24,11,10,12,7,1.0833334,124,0.21428572,0,0,0.35714287,0,0,14.714286,1,0.85714287,0
3,5,1,9,14,3,8,2,3,2,52,0,0,0.96875,0.5555556,1,1,16.333334,3,1.6666666,0
2,4,0,4,8,1,0,4,2,2,25,0,0,0.9807692,1,1,1,11.5,1,0.5,0
3,3,0,2,11,3,1,1,3,2,25,0,0,0.8,0.6666667,2,2,7.3333335,1,0.6666667,0
12,1,0,2,21,42,2,1,4,0.6545454,146,0.8,0,0,0.2638889,0,0,10.75,1,0.8333333,0
1,1,0,22,1,0,21,1,1,2,1,0,0,0,1,0,0,0,1,1,0
4,2,0,1,15,6,0,1,1,1.3333334,49,1,0,0.84210527,1,1,1,11,1,0.75,0
4,1,0,8,14,6,1,7,3,0.6666667,79,0,0,0,0.33333334,0,0,18.25,2,1,0
3,1,0,3,6,3,1,2,2,2,16,0,0,0,0.33333334,0,0,4.3333335,1,0.6666667,0
10,2,0,6,26,9,2,4,7,0.7222222,156,1,1,0.5,0.25,1,1,14,3,1.1,0
7,2,0,4,21,3,2,4,7,0.6666667,108,1,0,0.5,0.42857143,1,1,13.714286,2,1,0
14,1,0,5,14,91,5,0,14,2,14,0,0,0,0.27142859,0,0,0,1,1,0
4,3,0,3,18,4,0,3,3,0.6666667,147,1,0,0.925,0.75,1,1,35.5,1,0.75,0
5,4,0,3,17,10,0,3,4,2,87,0,0,0.94871795,0.53333336,1,2,16.4,3,1.2,0
1,7,0,1,7,0,0,1,1,2,40,0,0,1,1,0,0,37,0,0,0
6,1,0,1,16,11,1,0,2,0.85,202,1,0,0,0.3611111,0,0,32,1,0.8333333,0
6,5,0,4,13,9,0,4,2,0.6,70,1,0,0.96153843,0.4,1,2,10.5,1,0.5,0
2,1,0,20,2,1,18,2,2,2,2,0,0,0,1,0,0,0,1,1,0
1,1,0,1,1,0,1,0,1,2,2,0,0,0,1,0,0,0,1,1,0
1,1,0,3,1,0,2,1,1,2,1,0,0,0,1,0,0,0,1,1,0
8,1,0,5,16,6,5,0,7,0.5714286,284,1,0,0,0.5416667,0,0,34.25,13,2.375,0
11,4,0,8,38,55,0,8,10,2,122,0,0,0.9009901,0.3030303,1,1,10.090909,2,1,0
1,1,0,14,1,0,13,1,1,2,1,0,0,0,1,0,0,0,1,1,0
2,2,0,1,6,1,0,1,1,2,20,0,0,0.875,0.75,1,1,9,1,0.5,0
3,2,0,4,6,0,1,3,3,0,34,1,0,0.8181818,0.6666667,0,0,10,2,1,0
2,2,0,1,6,1,0,1,1,2,20,0,0,0.875,0.75,1,1,9,1,0.5,0
7,2,0,4,21,3,2,4,7,0.6666667,108,1,0,0.5,0.42857143,1,1,13.714286,2,1,0
1,1,0,1,1,0,0,1,1,2,1,0,0,0,1,0,0,0,1,1,0
1,1,0,2,1,0,2,0,1,2,1,0,0,0,1,0,0,0,1,1,0
5,4,0,5,18,10,0,5,4,2,81,0,0,0.94871795,0.8,1,2,15.2,3,1.2,0
12,2,0,8,41,48,1,7,9,0.6363636,203,1,0,0.74418604,0.21875,1,1,15.75,7,1.5833334,0
2,1,0,6,23,1,3,4,2,2,265,0,0,0,0.5,0,0,131.5,1,0.5,0
7,3,0,7,28,0,0,7,6,0.6666667,191,1,1,0.8604651,0.31428573,0,0,25.714285,2,1,0
3,2,0,3,36,3,1,2,1,2,241,0,0,0.88235295,0.6666667,1,2,79.333336,18,6.3333335,1
7,4,0,6,28,21,0,6,6,2,92,0,0,0.9381443,0.42857143,1,1,12.142858,2,1,0
3,5,0,10,12,1,6,4,3,2,76,0,0,0.95348835,0.6666667,1,1,24.333334,4,1.6666666,0
9,3,0,8,38,14,1,8,7,0.875,345,1,0,0.76666665,0.375,3,5,36.555557,3,1.2222222,0
1,3,0,6,2,0,6,0,1,2,5,0,0,1,1,0,0,4,0,0,0
4,2,0,8,10,0,6,2,4,0.33333334,125,1,0,0.75,0.5,0,0,29.5,2,1,0
11,3,0,10,39,0,0,10,11,0.7,247,1,1,0.78723407,0.45454547,1,1,21.09091,2,1.4545455,0
3,5,0,7,14,3,6,2,3,2,52,0,0,0.96875,0.5555556,1,1,16.333334,3,1.6666666,0
3,2,0,4,6,0,1,3,3,0,30,1,0,0.8181818,0.6666667,0,0,8.666667,2,1,0
2,1,0,4,2,1,4,0,2,2,2,0,0,0,0.75,0,0,0,1,1,0
1,1,0,0,2,0,0,0,1,2,16,0,0,0,1,0,0,3,0,0,1
8,3,0,7,25,12,0,7,8,0.88095236,133,1,2,0.84090906,0.27083334,1,1,14.875,3,1.625,0
7,1,0,3,15,21,2,1,7,2,66,0,0,0,0.52380955,0,0,8.428572,1,0.85714287,0
7,2,0,4,21,3,2,4,7,0.6666667,108,1,0,0.5,0.42857143,1,1,13.714286,2,1,0
9,5,0,4,28,12,0,4,8,0.5,217,1,0,0.8,0.4814815,2,5,22.666666,1,0.7777778,0
1,1,0,3,1,0,3,1,1,2,1,0,0,0,1,0,0,0,1,1,0
9,1,0,5,24,4,5,0,3,0.41666666,156,1,0,0,0.3125,0,0,16,6,1.8888888,0
4,4,12,15,7,4,12,3,3,0.6666667,22,1,1,0.9285714,0.5,0,0,4.25,1,0.5,0
4,3,1,3,5,4,1,2,4,0.6666667,17,1,0,0.925,0.625,0,0,3,1,0.75,0
4,2,0,2,12,0,1,1,3,0.22222222,68,1,1,0.625,0.5,1,1,15.25,1,0.75,0
6,4,0,3,20,15,0,3,5,2,106,0,0,0.93670887,0.5555556,1,2,16.666666,4,1.3333334,0
6,2,0,6,16,1,5,3,6,0.6,84,1,0,0.54545456,0.44444445,1,1,12.333333,2,1,0
8,4,0,16,25,28,13,3,5,2,122,0,0,0.88,0.3125,1,1,14.25,6,1.75,0
3,3,0,2,11,3,1,1,3,2,25,0,0,0.8,0.6666667,2,2,7.3333335,1,0.6666667,0
0,1,0,4,0,0,2,2,0,2,0,0,0,0,0,0,0,0,0,0,0
3,3,0,4,11,0,0,4,3,0,35,1,1,0.9375,0.6666667,0,0,10.333333,2,1,0
3,3,0,2,11,3,1,1,3,2,25,0,0,0.8,0.6666667,2,2,7.3333335,1,0.6666667,0
7,4,0,13,26,0,6,7,7,0.45833334,198,1,2,0.85365856,0.39285713,1,3,26.714285,5,2.5714285,0
3,1,0,3,18,0,2,1,3,0.25,204,1,0,0,0.6666667,0,0,65.666664,2,1,0
24,1,0,24,24,276,4,20,24,2,24,0,0,0,0.08928572,0,0,0,1,1,0
4,3,0,4,16,0,1,4,4,0.33333334,46,1,0,0.72727275,0.5,2,3,10.25,1,0.75,0
15,1,2,7,24,77,2,5,13,0.87142855,109,1,2,0,0.33333334,0,0,5.9333334,2,1,0
1,1,0,4,1,0,4,0,1,2,1,0,0,0,1,0,0,0,1,1,0
1,1,0,4,1,0,3,2,1,2,1,0,0,0,1,0,0,0,1,1,0
4,6,0,4,16,0,0,4,3,0.33333334,52,1,0,0.973913,0.75,2,2,11.75,2,1,0
12,5,0,10,52,60,2,9,10,0.54545456,213,1,0,0.87341774,0.2777778,3,6,16.666666,4,1.4166666,0
1,4,0,1,2,0,0,1,1,2,4,0,0,1,1,0,0,3,0,0,0
3,2,0,3,31,3,0,3,1,2,202,0,0,0.88235295,0.6666667,1,2,66.333336,14,5,0
2,3,0,3,4,1,1,2,1,2,19,0,0,0.9375,1,2,2,8,1,0.5,0
4,4,0,3,14,6,0,3,3,2,68,0,0,0.96103895,0.5,1,2,16,2,1,0
3,5,0,7,14,3,6,2,3,2,52,0,0,0.96875,0.5555556,1,1,16.333334,3,1.6666666,0
5,2,0,7,14,0,6,3,5,0.375,51,1,0,0.6,0.46666667,1,1,8.8,1,0.8,0
5,1,0,7,5,10,6,1,5,2,5,0,0,0,0.4,0,0,0,1,1,0
10,1,0,5,10,45,4,1,10,2,10,0,0,0,0.36,0,0,0,1,1,0
5,3,0,6,26,0,0,6,4,0.375,141,1,0,0.902439,0.46666667,0,0,26.8,1,0.8,0
13,5,0,9,34,68,6,4,12,0.75,199,1,0,0.8378378,0.2923077,2,8,14.153846,5,2.1538463,0
3,1,0,2,3,3,2,0,3,1.5,4,0,0,0,0.6666667,0,0,0,1,1,0
15,1,0,3,29,55,3,0,15,0.6964286,161,1,1,0,0.29333332,1,1,9.466666,3,1.3333334,0
2,1,0,2,18,0,0,2,2,0,83,1,0,0,0.75,0,0,40,6,3,0
2,1,0,6,2,1,6,0,2,2,2,0,0,0,0.6666667,0,0,0,1,1,0
7,2,0,5,27,0,1,4,7,0.5,115,1,0,0.6,0.47619048,0,0,15.142858,4,1.2857143,0
16,1,3,6,40,80,3,3,10,0.85833335,254,0.875,2,0,0.24107143,0,0,14.375,3,1.375,0
1,5,0,1,3,0,0,1,1,2,7,0,0,1,1,0,0,6,0,0,0
3,3,0,2,11,3,1,1,3,2,25,0,0,0.8,0.6666667,2,2,7.3333335,1,0.6666667,0
4,1,0,2,13,6,1,1,4,2,45,0,0,0,0.625,0,0,10.25,2,1,0
5,4,0,5,21,10,0,5,4,2,71,0,0,0.95789474,0.53333336,1,1,13.2,2,1,0
4,1,0,8,14,6,1,7,3,0.6666667,79,0,0,0,0.33333334,0,0,18.25,2,1,0
3,1,0,2,5,3,2,0,3,2,19,0,0,0,0.5,0,0,5.3333335,1,0.6666667,0
8,5,0,10,23,0,6,4,8,0.7619048,197,0.5,0,0.84444445,0.35,1,4,22.875,6,2.25,0
3,5,0,3,7,0,3,0,3,0,27,1,0,0.9285714,0.6666667,0,0,7.6666665,1,0.33333334,0
13,3,0,9,41,48,1,8,7,0.5833333,285,1,0,0.7037037,0.35576922,2,3,20.692308,1,0.61538464,0
3,1,0,1,4,1,1,0,3,0.5,14,1,0,0,0.6666667,0,0,3.3333333,1,0.6666667,0
4,5,0,7,15,0,6,2,4,0.33333334,77,1,0,0.95384616,0.4375,1,1,18,5,2,0
4,1,0,6,4,6,5,1,4,2,4,0,0,0,0.5,0,0,0,1,1,0
1,5,0,1,8,0,0,1,1,2,18,0,0,1,1,0,0,17,0,0,0
7,3,5,9,26,0,5,4,6,0,141,1,0,0.85714287,0.31428573,1,3,19,3,1.5714285,0
1,1,0,4,1,0,3,1,1,2,1,0,0,0,1,0,0,0,1,1,0
5,2,0,4,13,0,1,4,4,0.625,76,1,1,0.7,0.5,0,0,13.4,1,0.6,0
34,4,0,10,92,39,0,10,29,0.7234849,710,1,2,0.6436782,0.14848486,3,4,19.647058,5,1.9117647,1
3,2,0,7,18,3,1,6,1,1.25,82,0,0,0.6666667,0.5833333,1,2,25.666666,1,0.6666667,0
5,1,0,9,13,0,8,1,5,0,69,1,0,0,0.53333336,0,0,12.6,3,1.2,0
26,4,0,7,50,271,0,7,20,0.95578945,392,0.47368422,0,0.65753424,0.3846154,2,3,13.346154,9,1.5,0
20,4,0,7,42,148,0,7,15,0.9186603,263,0.54545456,0,0.7164179,0.3875,2,3,11.6,6,1.4,0
4,1,0,5,4,6,2,3,4,2,4,0,0,0,0.4,0,0,0,1,1,0
1,3,0,1,2,0,1,0,1,2,5,0,0,1,1,0,0,4,0,0,0
4,4,0,3,7,0,1,2,4,0,161,1,0,0.9285714,0.75,2,4,38.5,1,0.5,0
6,3,0,4,24,1,0,4,6,0.7,135,1,0,0.88095236,0.41666666,3,3,20.833334,1,0.8333333,0
3,1,0,5,3,3,4,2,3,1.5,8,0,0,0,0.6666667,0,0,0,1,1,0
0,1,0,1,0,0,1,0,0,2,48,0,0,0,0,0,0,0,0,0,0
4,2,0,4,17,0,0,4,4,0.33333334,57,1,0,0.84210527,0.875,1,1,13,5,1.75,1
6,3,0,5,17,5,0,5,5,0.73333335,94,1,0,0.88095236,0.5,0,0,14.166667,1,0.8333333,0
6,5,2,8,21,15,2,6,5,2,83,0,0,0.95535713,0.41666666,1,1,12.833333,3,1.1666666,1
6,1,0,3,11,1,1,2,6,0.7,74,1,0,0,0.5555556,0,0,10.666667,1,0.8333333,0
1,1,0,10,1,0,8,2,1,2,1,0,0,0,1,0,0,0,1,1,0
5,3,0,4,15,4,0,4,5,0.75,90,1,0,0.902439,0.53333336,0,0,16.4,1,0.8,0
1,1,0,7,1,0,4,3,1,2,1,0,0,0,1,0,0,0,1,1,0
2,3,0,1,3,1,1,0,2,2,7,0,0,0.94736844,0.75,1,1,2.5,1,0.5,0
22,4,0,7,45,183,0,7,18,0.94957983,307,0.47058824,0,0.6956522,0.38636363,2,3,12.181818,11,1.5454545,0
5,4,0,6,17,0,1,6,5,0.55,134,0,0,0.92727274,0.53333336,1,1,24.8,1,0.8,0
5,4,0,8,23,4,4,8,5,0.75,249,1,0,0.92727274,0.8,2,2,48.2,1,0.8,0
15,4,3,499,30,0,498,1,15,0.39285713,153,1,1,0.61904764,0.32222223,1,3,9.066667,2,0.6666667,0
28,4,0,20,78,142,1,20,26,0.78518516,503,1,1,0.74285716,0.18303572,2,2,16.785715,3,1.1428572,0
17,4,0,7,39,100,0,7,14,0.9375,241,0.46153846,0,0.75,0.38235295,2,3,12.411765,7,1.4117647,0
4,4,8,12,5,0,8,4,3,0.33333334,18,1,1,0.92105263,0.4375,0,0,3.25,1,0.75,0
1,1,0,0,2,0,0,0,1,2,15,0,0,0,1,0,0,3,0,0,0
8,5,0,5,26,0,1,4,5,0.5714286,172,1,0,0.8235294,0.375,2,5,20.125,4,1.125,0
19,4,0,7,40,129,0,7,16,0.93650794,252,0.5,0,0.72727275,0.38157895,2,3,11.526316,6,1.3157895,0
5,4,0,7,27,4,0,7,4,0.9166667,109,0.33333334,0,0.9230769,0.46666667,2,3,20.2,2,1,0
3,2,0,5,16,3,0,5,2,2,95,0,0,0.8181818,0.6666667,0,0,30.666666,2,1,0
9,3,0,0,16,34,0,0,8,0,60,1,0,0.8,0.6666667,1,1,5.5555553,2,1,0
6,3,0,5,22,7,1,4,4,0.8666667,98,1,0,0.92537314,0.45833334,2,4,14.833333,2,1.1666666,0
10,5,0,5,25,0,1,4,6,0.7037037,251,1,1,0.7777778,0.375,2,4,23.2,5,1.6,0
14,1,0,10,53,0,8,8,14,0.42307693,419,1,0,0,0.2857143,0,0,28.785715,7,3.642857,0
1,5,0,1,4,0,0,1,1,2,11,0,0,1,1,0,0,9,0,0,0
4,1,0,8,20,0,4,4,4,0.7777778,106,1,1,0,0.625,0,0,24.75,5,1.75,0
6,3,0,3,32,0,0,3,5,0.6,1254,1,0,0.88095236,0.5555556,1,1,207.33333,2,1,0
7,5,0,4,18,0,1,3,5,0.7083333,126,1,0,0.8484849,0.47619048,2,5,16.428572,5,1.2857143,0
3,2,0,6,15,3,0,6,2,2,50,0,0,0.92,1,0,0,15.666667,1,0.6666667,0
21,4,2,9,55,162,4,5,18,0.71,361,1,1,0.76811594,0.19375,2,9,15.952381,6,1.6190476,0
1,1,0,36,1,0,35,1,1,2,1,0,0,0,1,0,0,0,1,1,0
12,4,0,8,41,66,0,8,11,2,130,0,0,0.89215684,0.30555555,1,1,9.833333,2,1,0
10,1,1,6,20,39,1,5,7,0.5555556,129,1,0,0,0.525,0,0,11.8,4,1.2,0
12,5,0,3,39,58,1,2,11,0.6909091,213,1,0,0.97542995,0.4,0,0,16.333334,2,1,1
4,1,0,2,7,6,1,1,4,2,20,0,0,0,0.875,0,0,4,1,0.75,0
5,1,2,8,13,10,2,6,2,2,53,0,0,0,0.56,0,0,9.6,1,0.8,0
4,5,0,5,7,0,3,2,4,0,29,1,0,0.95454544,0.625,0,0,6,1,0.25,0
7,1,0,2,24,19,1,1,3,0.6666667,373,0,0,0,0.41666666,0,0,52.142857,6,2,0
2,3,0,3,7,1,1,3,2,2,23,0,0,0.969697,1,0,0,10.5,1,0.5,0
3,1,0,4,7,3,1,3,3,2,17,0,0,0,0.5555556,0,0,4.6666665,1,0.6666667,0
20,4,0,7,52,154,0,7,19,0.94298244,377,0.5,0,0.6935484,0.3,2,2,17.25,6,1.2,0
0,1,0,4,0,0,2,2,0,2,0,0,0,0,0,0,0,0,0,0,0
3,2,0,5,7,1,1,4,3,0.5,29,1,0,0.8181818,0.6666667,0,0,8.333333,1,0.6666667,0
3,1,0,12,38,3,1,11,2,1.5,182,0,0,0,0.8333333,0,0,59.333332,12,4.3333335,0
11,2,0,7,26,0,5,2,11,0.58,181,1,0,0.5294118,0.4090909,0,0,15,1,0.72727275,0
6,3,0,4,17,0,0,4,6,0.64,131,1,0,0.88095236,0.5555556,2,2,20,1,0.8333333,0
2,4,0,1,5,1,0,1,2,2,10,0,0,0.98550725,0.75,1,1,4,1,0.5,0
8,4,0,6,26,22,0,6,6,0.5714286,95,1,0,0.9285714,0.40625,1,1,10.75,2,1,0
4,1,0,11,18,6,1,10,2,2,97,0,0,0,0.5,0,0,23.25,1,0.75,0
16,4,0,7,38,84,0,7,14,0.94358975,234,0.46153846,0,0.7619048,0.375,2,3,12.8125,6,1.3125,0
11,4,0,6,35,9,0,6,8,0.7,217,1,2,0.8863636,0.36363637,2,2,18.363636,3,1.4545455,0
5,4,0,6,17,6,2,6,5,0.75,94,1,0,0.92727274,0.6,2,2,17.4,3,1.2,0
2,1,0,2,3,0,2,0,1,0,12,1,0,0,0.75,0,0,4.5,1,0.5,0
3,2,0,1,5,3,0,1,3,2,12,0,0,0.95454544,0.5555556,1,12,3,1,0.6666667,0
7,3,0,3,16,13,0,3,6,0.75,55,0.5,0,0.8,0.8333333,0,0,6.571429,2,0.85714287,0
6,1,0,9,6,15,8,1,6,1.2,10,0,0,0,0.7222222,0,0,0,1,1,0
14,3,0,7,43,57,0,7,10,0.7692308,386,1,1,0.74,0.31428573,0,0,26.071428,2,1.1428572,0
4,1,0,5,4,6,3,3,4,2,4,0,0,0,0.625,0,0,0,1,1,0
2,2,1,17,14,0,13,5,2,0,103,0,1,0.875,0.6666667,0,0,50,1,0.5,0
4,2,0,6,14,2,1,5,4,0.6666667,68,1,1,0.75,0.5,0,0,15.5,1,0.75,1
1,1,0,2,1,0,2,0,0,2,2064,0,0,0,0,0,0,2052,0,0,0
3,2,0,10,16,3,0,10,2,2,105,0,0,0.8,0.6666667,0,0,34,2,1,0
21,4,0,7,45,168,0,7,16,0.9230769,302,0.53846157,0,0.7058824,0.39285713,2,3,12.761905,7,1.4761904,0
3,2,0,19,10,3,14,5,3,2,38,0,0,0.9230769,0.5833333,0,0,11.666667,1,0.33333334,0
11,5,0,8,49,21,2,6,9,0.55,265,1,0,0.8961039,0.36363637,2,4,22.727272,7,1.7272727,0
8,2,0,5,19,8,0,5,7,1,165,0.3,0,0.5625,0.6875,0,0,18.375,2,1,0
6,5,0,8,21,0,5,3,6,0.6,104,0.5,0,0.88372093,0.33333334,2,5,16,4,1.6666666,0
7,1,0,16,7,21,15,1,7,2,7,0,0,0,1,0,0,0,1,1,1
3,2,1,8,43,3,2,6,1,2,250,0,0,0.9,0.5555556,1,1,82.333336,9,3.3333333,1
7,5,0,4,23,0,1,3,5,0.5555556,150,1,0,0.8484849,0.47619048,2,5,20,4,1.1428572,0
4,4,0,4,13,0,1,3,4,0,87,1,0,0.9285714,0.75,2,4,20.5,1,0.5,0
2,3,0,3,7,1,1,3,2,2,23,0,0,0.969697,1,0,0,10.5,1,0.5,0
6,4,0,7,29,0,0,7,5,0.76,195,1,0,0.91071427,0.41666666,0,0,30.666666,1,0.8333333,0
2,1,0,6,2,1,6,0,2,2,2,0,0,0,0.75,0,0,0,1,1,0
7,1,0,1,11,7,1,0,7,0.33333334,105,1,0,0,0.71428573,0,0,13.571428,7,1.4285715,0
8,1,0,9,13,12,8,1,8,0.42857143,109,1,0,0,0.5,0,0,12.25,3,1.125,0
8,1,0,1,14,28,1,0,8,2,271,0,0,0,0.45,0,0,32.875,7,2.875,0
3,2,0,4,19,3,0,4,2,2,136,0,0,0.8,0.6666667,0,0,44.333332,2,1,0
3,4,0,4,11,0,0,4,3,0,53,1,0,0.9622642,0.6666667,1,1,16.333334,1,0.6666667,0
6,1,0,2,11,3,1,1,4,0.6,53,1,0,0,0.6666667,0,0,7.5,1,0.8333333,0
3,4,0,4,10,0,0,4,3,0,55,0,0,0.9622642,0.6666667,1,1,17,1,0.6666667,0
11,4,0,7,33,37,0,7,8,0.9,178,0.42857143,0,0.82758623,0.38636363,2,3,14.545455,4,1.3636364,0
0,1,0,1,0,0,1,0,0,2,7,0,0,0,0,0,0,0,0,0,0
3,4,0,4,10,0,0,4,3,0,55,0,0,0.9622642,0.6666667,1,1,17,1,0.6666667,0
2,1,0,1,11,0,1,0,1,0,47,1,0,0,0.8333333,0,0,22,3,1.5,0
17,4,0,8,32,16,0,8,16,0.8229167,140,1,2,0.6862745,0.23529412,1,1,6.882353,1,0.9411765,0
0,1,0,1,0,0,1,0,0,2,26,0,0,0,0,0,0,0,0,0,0
8,4,0,5,39,4,0,5,7,0.71428573,274,1,0,0.91764706,0.46875,4,4,32.5,5,1.375,0
2,3,0,3,4,0,1,2,1,0,14,1,1,0.9166667,0.6666667,1,1,5.5,1,0.5,0
2,2,0,6,13,1,1,5,2,2,66,1,0,0.9583333,1,0,0,31.5,1,0.5,0
7,5,0,4,17,0,1,3,5,0.7777778,107,1,0,0.8484849,0.47619048,2,5,13.857142,5,1.2857143,0
2,3,0,3,15,1,0,3,0,2,58,0,0,0.95238096,0.6666667,1,1,28,1,0.5,0
3,1,0,0,7,0,0,0,3,0,19,1,0,0,0.6666667,0,0,5,1,0.6666667,0
22,4,0,8,46,189,0,8,16,0.9194139,333,0.53846157,0,0.6956522,0.39772728,2,3,13.545455,8,1.5454545,0
1,2,1,3,2,0,2,1,1,2,4,0,0,1,1,0,0,3,0,0,0
3,2,0,5,12,3,1,4,1,2,40,0,0,0.85714287,0.6666667,0,0,12.333333,1,0.6666667,0
3,1,0,2,13,1,1,1,3,1.4411764,76,0.05882353,1,0,0.5,0,0,18.666666,4,1.6666666,0
10,5,0,5,30,0,1,4,6,0.6888889,328,1,1,0.7777778,0.375,2,5,30.8,12,2.3,0
3,1,0,1,5,3,1,0,3,2,24,0,0,0,0.6666667,0,0,7,4,1.6666666,0
7,1,0,2,7,21,2,0,7,2,7,0,0,0,0.64285713,0,0,0,1,1,0
7,1,0,24,8,3,24,0,7,0.6666667,43,1,0,0,0.71428573,0,0,4.714286,1,0.85714287,0
10,3,0,2,20,21,0,2,9,0.6,129,1,0,0.8043478,0.4,1,1,11.4,1,0.9,0
6,3,0,5,21,3,0,5,5,0.75,104,1,1,0.902439,0.53333336,1,1,15.666667,1,0.6666667,0
13,4,0,4,22,56,0,4,12,0.9469697,298,1,0,0.82258064,0.4722222,2,2,21.076923,4,1.0769231,0
7,3,0,10,46,9,1,9,4,0.73333335,212,0.6,0,0.8604651,0.2857143,1,1,28.571428,4,2,1
9,4,0,7,37,10,1,7,6,0.9296875,323,1,1,0.86440676,0.2777778,0,0,33.11111,4,1.4444444,0
6,2,0,4,12,0,4,0,6,0,70,1,0,0.5,0.45833334,1,1,10.333333,1,0.8333333,0
6,1,0,5,26,15,1,4,0,2,211,0,0,0,0.4,0,0,34.166668,3,1.3333334,0
17,5,0,6,35,130,0,6,12,0.9910714,207,1,0,0.8699187,0.3529412,2,3,10.764706,3,1.1764706,1
3,3,0,3,10,0,0,3,3,0,32,1,0,0.94871795,0.6666667,0,0,9.333333,1,0.6666667,0
2,1,0,0,3,0,0,0,1,0,12,1,0,0,0.75,0,0,4.5,1,0.5,0
8,3,0,2,40,10,0,2,8,0.71428573,281,1,0,0.84090906,0.325,1,1,33.625,4,1.25,0
4,1,0,8,5,6,7,1,4,2,16,0,0,0,0.875,0,0,3,1,0.75,0
4,6,0,8,13,6,6,2,4,2,44,0,0,0.969697,0.625,2,3,10,2,1,0
3,1,0,38,3,3,38,0,3,2,3,0,0,0,1,0,0,0,1,1,0
5,1,0,31,5,10,31,0,5,2,5,0,0,0,0.53333336,0,0,0,1,1,0
8,1,9,13,20,12,9,4,8,0.8,101,0.2,1,0,0.40625,0,0,11,1,0.875,0
4,1,0,4,8,4,0,4,3,0.6666667,45,1,1,0,0.5555556,0,0,10,1,0.5,0
1,1,0,3,1,0,2,2,1,2,1,0,0,0,1,0,0,0,1,1,0
2,3,0,3,8,1,1,3,2,2,33,0,0,0.969697,1,0,0,15.5,1,0.5,0
7,1,0,5,12,11,1,4,7,0.6666667,72,1,0,0,0.5714286,0,0,8.857142,5,1.4285715,0
1,4,0,1,3,0,1,0,1,2,6,0,0,1,1,0,0,5,0,0,0
15,3,15,27,41,57,17,11,13,0.8181818,312,1,0,0.7254902,0.45,0,0,19.066668,4,1.1333333,0
2,3,0,2,3,1,2,0,2,2,7,0,0,0.90909094,0.75,1,1,2.5,1,0.5,0
2,1,0,4,2,1,3,2,2,2,2,0,0,0,0.75,0,0,0,1,1,0
1,1,0,4,1,0,4,0,1,2,1,0,0,0,1,0,0,0,1,1,0
4,4,0,4,13,0,0,4,4,0.33333334,81,1,0,0.9444444,0.5,1,1,18.75,1,0.75,0
9,1,1,4,19,30,1,3,7,0.5,130,1,0,0,0.6666667,0,0,13.333333,4,1.2222222,0
7,5,0,6,31,0,0,6,6,0.25,163,1,0,0.9479167,0.2857143,3,10,22,5,1.4285715,0
10,3,0,6,38,9,0,6,10,0.7962963,260,0.8333333,1,0.8043478,0.34,3,3,24.4,16,2.7,3
10,5,0,7,32,0,1,6,7,0.6888889,221,1,0,0.7777778,0.3,2,5,20.6,5,1.2,0
11,1,0,4,36,51,4,0,8,1.01,314,0.6,0,0,0.22,0,0,26.636364,4,1.3636364,1
9,1,1,8,21,22,1,7,7,0.5416667,135,1,0,0,0.6666667,0,0,13.666667,4,1.2222222,0
7,4,0,4,14,15,1,4,5,0.8333333,56,0.6666667,0,0.8947368,0.47619048,1,1,6.571429,1,0.85714287,0
6,1,0,2,11,3,1,1,6,0.6,51,1,0,0,0.6666667,0,0,7.1666665,1,0.8333333,0
5,1,0,1,19,0,1,0,3,0.5,108,1,0,0,0.53333336,0,0,20.2,3,1.4,0
6,5,0,1,12,15,1,0,6,2,74,0,0,0.95454544,0.5,2,7,11.333333,3,1.8333334,0
4,4,0,4,14,0,0,4,4,0.5,108,0.5,0,0.9444444,0.75,3,3,25.5,1,0.75,0
9,4,0,5,20,28,0,5,9,0.78125,156,1,0,0.86440676,0.4814815,2,2,15.888889,1,0.8888889,0
7,4,0,9,22,21,4,5,6,2,103,0,0,0.9456522,0.5714286,3,5,13.714286,3,1.4285715,0
20,4,0,7,39,148,0,7,16,0.9230769,285,0.53846157,0,0.7164179,0.375,2,2,12.6,5,1.3,0
13,4,0,7,37,66,0,7,9,0.875,184,0.5,0,0.8,0.51282054,2,3,12.846154,4,1.3846154,0
11,4,3,12,41,19,3,9,9,0.81666666,240,0.6666667,0,0.8113208,0.29090908,0,0,20.272728,4,1.2727273,0
7,1,0,12,46,21,4,8,0,2,264,0,0,0,0.30952382,0,0,36.714287,9,2,0
2,1,0,2,8,1,1,1,2,2,48,0,0,0,0.5,0,0,23,1,0.5,0
5,1,0,2,7,4,2,0,0,0.5,39,1,0,0,0.7,0,0,6.2,1,0.6,0
13,3,4,12,42,54,5,7,8,0.7916667,233,1,1,0.71428573,0.26153848,1,3,16.615385,6,2,1
4,2,0,6,14,0,1,6,3,0,96,1,1,0.9166667,0.5,1,3,22.75,5,1.75,0
12,1,0,2,42,0,1,1,12,0.38636363,234,1,0,0,0.44444445,0,0,18.166666,4,1.5833334,0
4,3,0,4,10,2,0,4,4,0.6666667,48,1,0,0.925,0.5,0,0,10.5,1,0.75,0
4,1,0,4,5,0,3,1,4,0.33333334,24,1,0,0,0.875,0,0,4.75,1,0.75,0
3,2,0,3,10,0,2,1,3,0,44,1,0,0.75,0.5555556,1,1,13.333333,4,1.6666666,0
4,2,0,4,15,0,1,3,4,0.6666667,105,1,0,0.75,0.5,0,0,24.5,1,0.75,0
7,2,0,11,74,15,0,11,2,0.7222222,487,0.33333334,0,0.72727275,0.36734694,2,4,68.14286,13,3.142857,4
7,5,0,3,8,15,2,1,4,0.8333333,34,1,0,0.9381443,0.47619048,0,0,3.4285715,1,0.85714287,0
2,2,0,8,26,1,1,7,2,2,149,0,0,0.9583333,1,0,0,73.5,1,0.5,0
5,1,0,3,9,0,1,2,5,0.6666667,64,1,0,0,0.53333336,0,0,11.2,1,0.8,0
7,1,1,6,8,3,6,0,7,0.6666667,43,1,0,0,0.47619048,0,0,4.714286,1,0.85714287,0
11,2,1,8,27,21,2,7,9,0.73333335,94,1,1,0.6086956,0.4,2,3,7.2727275,1,0.8181818,0
21,6,1,10,42,126,2,8,15,0.7875,274,1,0,0.87142855,0.17857143,5,19,11.666667,4,1.3809524,0
17,1,0,2,81,100,1,1,9,0.7125,654,0.8,0,0,0.27450982,0,0,37.17647,7,2.0588236,0
9,4,0,9,61,14,0,9,7,0.7708333,586,1,1,0.90697676,0.33333334,4,4,63.444443,8,2.1111112,0
5,3,0,5,16,0,1,5,5,0.5,82,1,2,0.902439,1,1,1,15,3,1.2,0
9,4,0,6,25,18,0,6,8,0.875,120,0.5,0,0.84313726,0.3611111,1,1,11.666667,4,1.2222222,0
6,1,0,1,8,0,0,1,6,0,43,1,1,0,0.6666667,0,0,6,1,0.8333333,0
3,1,0,4,19,1,0,4,2,0.5,89,1,0,0,0.5,0,0,28.333334,1,0.33333334,0
7,3,0,9,39,1,0,9,7,0.7083333,260,1,2,0.8604651,0.2857143,2,2,35.57143,1,0.85714287,1
10,3,0,8,32,15,2,6,10,0.6666667,166,1,1,0.7692308,0.3,1,1,15.3,3,1.4,0
5,5,0,8,16,0,5,3,3,0.5833333,105,1,1,0.9318182,0.5833333,1,1,19.4,9,2.2,0
5,5,0,3,19,4,1,2,4,0.25,107,1,0,0.9032258,0.7,2,5,20.2,1,0.6,0
11,2,3,11,39,7,9,2,10,0.96060604,605,1,1,0.5833333,0.25974026,0,0,51,15,2.909091,0
13,2,0,8,49,54,1,7,7,0.84375,450,1,0,0.72727275,0.34615386,2,6,33,6,1.3076923,1
5,1,0,11,5,10,7,4,5,2,5,0,0,0,0.5,0,0,0,1,1,0
6,1,0,8,6,15,7,1,6,2,6,0,0,0,0.44444445,0,0,0,1,1,0
31,1,0,5,70,407,2,3,13,0.9047619,615,0.9047619,2,0,0.31612903,0,0,18.161291,11,1.451613,0
4,4,0,4,20,0,1,3,4,0.7777778,162,0.6666667,0,0.9285714,0.75,2,4,38.75,1,0.5,0
3,1,0,2,21,1,0,2,2,0.5,120,1,0,0,0.6666667,0,0,38.333332,6,3,0
9,2,1,2,23,0,2,0,9,0.5,246,1,0,0.5625,0.33333334,1,2,25.88889,1,0.7777778,0
20,1,0,7,79,136,5,5,10,0.89750695,835,1,1,0,0.19375,0,0,39.8,10,1.95,0
17,4,0,8,41,104,3,6,14,0.8125,185,1,0,0.7910448,0.328125,2,10,9.764706,4,1.2941177,0
9,5,0,15,34,4,6,9,9,0.78571427,266,0.42857143,0,0.82608694,0.2962963,1,4,27.777779,11,2.8888888,0
3,2,0,1,10,0,0,1,1,0,67,1,1,0.71428573,0.6666667,1,1,20.333334,1,0.6666667,0
1,5,0,1,2,0,0,1,1,2,4,0,0,1,1,0,0,3,0,0,0
9,1,0,4,19,14,3,1,9,0.65625,88,1,0,0,0.5185185,0,0,8.333333,1,0.8888889,0
25,3,1,35,39,0,9,26,25,0,189,1,0,0.5555556,0.08,1,1,6.52,1,0.96,0
6,2,0,7,31,3,1,7,5,0.7,123,0.5,1,0.6,0.55,0,0,19.166666,2,0.8333333,0
4,1,0,5,10,0,1,4,4,0.33333334,36,1,0,0,0.4375,0,0,7.75,1,0.75,0
10,4,0,15,36,3,6,9,10,0.5833333,249,1,2,0.79545456,0.26666668,1,3,23.5,7,2.4,0
13,3,0,10,36,20,0,10,9,0.71666664,369,1,1,0.75510204,0.21153846,1,1,27,6,1.4615384,0
3,4,0,5,20,3,0,5,1,1,71,0,0,0.96153843,1,2,4,22.333334,3,1.6666666,0
19,1,2,9,21,145,4,5,18,0.9548611,143,1,3,0,0.23026316,0,0,5.6842103,1,0.94736844,1
3,1,0,4,19,0,1,3,2,0.75,101,0.5,0,0,0.6666667,0,0,32,1,0.6666667,0
24,4,0,7,43,222,0,7,20,0.943734,309,0.5294118,0,0.6760563,0.375,2,2,11.166667,8,1.375,0
14,3,0,9,52,15,1,8,10,0.7307692,468,0,1,0.74,0.21428572,2,2,31.857143,2,1.0714285,0
10,5,0,6,29,0,1,5,7,0.6888889,212,1,0,0.7777778,0.3,2,5,19.7,5,1.2,0
7,5,0,9,25,0,6,3,7,0.6666667,255,0,0,0.8636364,0.34285715,2,5,34.857143,9,3.142857,0
8,1,0,2,9,0,2,0,0,0.42857143,1107,0,0,0,0.71428573,0,0,137.125,3,1.125,0
2,4,0,2,9,1,0,2,2,2,22,0,0,0.98550725,1,1,1,10,1,0.5,0
12,2,2,8,25,0,2,6,10,0.36363637,91,1,2,0.45,0.2777778,1,1,6.4166665,2,1,1
9,1,0,5,19,8,4,1,9,0.53125,119,1,0,0,0.5185185,0,0,11.777778,3,1.4444444,0
1,1,0,13,1,0,11,2,1,2,3,0,0,0,1,0,0,0,1,1,0
6,4,5,64,17,15,59,5,5,2,67,0,0,0.95604396,0.5833333,3,4,10.166667,2,1.1666666,0
15,3,3,10,47,39,4,6,11,0.54761904,310,1,0,0.6818182,0.22222222,2,5,19.466667,7,1.8666667,1
6,3,6,10,10,3,7,3,6,0.4,46,1,0,0.85714287,0.5,0,0,6.5,3,1.5,0
10,4,0,6,32,41,1,5,9,0.8888889,134,1,0,0.8833333,0.4074074,1,6,12.2,3,1.3,0
3,2,0,1,17,0,0,1,1,0.96875,251,1,0,0.8888889,0.5,1,3,77.333336,11,5.3333335,0
8,5,0,11,31,0,6,5,8,0.6938776,329,0.5714286,1,0.84444445,0.25,1,4,39.25,19,4.625,0
7,5,0,15,32,1,6,9,7,0.625,209,0.75,2,0.8636364,0.34285715,1,4,28.285715,9,2.5714285,0
13,1,0,12,32,70,10,2,9,0.8333333,155,1,1,0,0.083333336,0,0,10.615385,2,0.9230769,0
10,2,0,3,30,27,1,2,5,0.7619048,245,1,1,0.35714287,0.28333333,1,1,22.8,2,1,0
8,1,2,4,17,16,3,2,7,0.2857143,89,1,0,0,0.4375,0,0,10,6,1.875,0
2,2,0,10,22,1,1,9,2,1.25,163,0.25,0,0.9583333,1,0,0,78.5,1,0.5,0
7,2,0,3,30,9,0,3,5,1.0625,278,0.375,0,0.64285713,0.5555556,0,0,36.42857,3,1,0
10,1,1,6,26,41,1,5,5,0.8333333,129,1,1,0,0.37037036,0,0,11.7,3,1.4,0
4,3,0,5,7,0,3,2,4,0.8333333,33,0.5,0,0.90909094,0.5833333,0,0,6.75,2,1,1
3,2,0,10,23,3,1,9,2,2,145,0,0,0.92,1,0,0,47.333332,10,3.6666667,0
5,2,0,10,34,10,1,9,2,1.25,171,0.33333334,0,0.8518519,0.46666667,0,0,32.6,7,2,0
11,2,0,17,15,13,15,3,11,0.75,97,1,3,0.2,0.22077923,0,0,7.2727275,1,0.72727275,0
12,1,0,8,34,26,6,3,6,0.6515151,341,1,0,0,0.3125,0,0,26.916666,1,0.8333333,0
19,4,0,8,84,103,0,8,14,0.92948717,1034,1,1,0.8210526,0.26984128,0,0,52.05263,1,0.8947368,0
41,2,0,6,60,402,3,3,8,0.88916665,4541,0.93333334,2,0.11627907,0.19166666,1,1,109.02439,47,5.585366,6
3,2,0,5,12,3,1,4,2,2,44,0,0,0.92,1,1,1,13.666667,1,0.6666667,0
3,2,0,2,5,0,1,1,3,0,34,1,1,0.8181818,0.5,1,2,10,1,0.6666667,0
4,2,0,3,26,0,0,3,1,1,115,1,0,0.72727275,0.625,2,3,27,1,0.75,0
4,4,0,10,20,2,0,10,4,0.6666667,112,1,1,0.9318182,0.5,1,1,26.5,4,2,0
0,1,0,1,0,0,1,0,0,2,25,0,0,0,0,0,0,0,0,0,0
18,3,0,8,52,101,2,8,9,0.8613445,519,0.9285714,2,0.6851852,0.19444445,0,0,27.055555,7,1.5,1
8,4,2,9,24,8,2,7,6,0.74285716,143,1,3,0.85365856,0.42857143,1,3,16.25,4,1.5,0
5,3,0,8,26,10,1,8,3,2,144,0,0,0.88235295,0.4,0,0,27.8,6,3,0
4,1,0,2,17,6,1,1,3,2,127,0,0,0,0.375,0,0,30.75,6,2.5,0
13,2,0,8,37,60,1,8,7,0.8333333,331,1,0,0.56,0.41666666,2,3,24.076923,4,1.3076923,0
3,4,0,6,22,3,0,6,1,1,82,0,0,0.96153843,1,2,4,26,3,1.6666666,0
8,3,1,10,45,2,1,9,8,0.71428573,336,1,1,0.84090906,0.35,2,2,40.25,2,1.125,1
8,1,0,6,24,0,1,5,6,0.52380955,133,1,0,0,0.325,0,0,15.25,6,2,0
4,1,0,6,4,6,3,4,4,2,4,0,0,0,0.625,0,0,0,1,1,0
4,1,0,13,14,6,0,13,4,1,56,1,1,0,0.375,0,0,12.75,1,0.75,0
5,2,0,7,69,8,1,7,2,1,379,1,0,0.85714287,0.41666666,0,0,74.4,12,3.2,4
6,4,0,9,33,0,0,9,6,0.68,205,1,1,0.939759,0.41666666,2,4,32.333332,1,0.8333333,0
10,1,0,10,29,43,7,3,8,0.8333333,91,0.5,1,0,0.2,0,0,7.9,3,1.2,0
7,1,0,3,26,0,1,2,7,0.5,218,1,0,0,0.47619048,0,0,29.571428,5,2.2857144,0
35,1,0,8,73,353,6,2,34,0.8071895,776,0.7777778,0,0,0.16,1,1,20.657143,4,1.2,1
4,3,0,3,18,4,0,3,3,1,111,1,0,0.925,0.75,2,2,26.25,2,1,0
8,3,0,10,15,0,6,4,5,0.5952381,110,0.8333333,2,0.8333333,0.5714286,0,0,12,2,1.375,0
36,3,0,12,111,528,0,12,32,0.94714284,1006,1,0,0.5138889,0.22222222,2,2,26.38889,3,1.0833334,0
21,1,0,2,36,38,2,0,17,0.6318182,620,0.8181818,0,0,0.2936508,0,0,28,3,0.85714287,1
5,1,0,3,41,10,1,2,4,2,241,0,0,0,0.36,0,0,47.2,7,4.2,0
12,3,0,11,28,36,5,6,10,0.72727275,214,1,2,0.73170733,0.5555556,1,1,16.25,1,0.9166667,0
18,5,0,11,60,39,0,11,16,0.60784316,305,1,1,0.86290324,0.2685185,4,7,15.777778,4,1.2222222,1
20,1,0,4,40,130,0,4,18,0.7368421,345,1,1,0,0.28421053,0,0,15.9,3,1.15,1
10,3,6,9,20,21,7,2,5,0.8148148,146,1,1,0.6923077,0.22857143,1,2,13.3,1,0.8,0
6,1,0,4,15,3,1,3,5,0.75,70,1,1,0,0.53333336,0,0,10,1,0.6666667,0
8,3,0,5,30,8,0,5,7,0.71428573,214,1,1,0.84090906,0.5,2,2,25.25,6,1.75,0
2,2,0,5,4,1,4,1,2,2,10,0,0,1,0.6666667,0,0,4,0,0,0
7,1,0,6,25,1,1,5,6,0.6111111,104,1,0,0,0.34285715,0,0,13.428572,3,1.1428572,0
7,3,3,12,26,9,3,9,4,1.0416666,106,0.375,0,0.8604651,0.42857143,0,0,13,3,1.1428572,0
9,3,0,3,20,34,1,2,9,0.625,177,1,1,0.7619048,0.33333334,1,3,18.555555,4,1.1111112,0
4,4,0,6,29,6,0,6,1,1.1666666,164,0.5,0,0.9423077,1,3,5,39.5,7,2.5,0
3,2,0,8,24,3,1,7,2,2,116,0,0,0.92,0.5555556,0,0,37.666668,4,1.6666666,0
2,4,0,3,5,1,0,3,2,2,12,0,0,0.9777778,0.75,0,0,5,1,0.5,0
25,2,0,18,117,230,2,17,14,0.9583333,877,0.7894737,0,0.5714286,0.22222222,1,4,33.32,5,1.64,2
13,4,0,6,72,22,0,6,8,0.89880955,623,0.5714286,2,0.8764045,0.27380952,1,2,45.846153,1,0.84615386,1
0,1,0,2,0,0,2,0,0,2,22,0,0,0,0,0,0,0,0,0,0
28,3,0,13,85,248,5,8,24,0.8765432,860,0.95238096,3,0.5263158,0.18928571,1,4,28.964285,28,3.3214285,0
7,1,0,3,22,0,3,1,6,0.7083333,112,0.75,0,0,0.47619048,0,0,14.428572,4,1.4285715,1
24,4,2,7,50,270,2,5,20,0.4347826,250,1,1,0.70666665,0.16203703,2,15,9.375,5,1.375,0
8,6,0,7,31,16,0,7,4,0.8095238,147,1,1,0.9625,0.35714287,3,9,17,2,0.875,1
12,1,0,3,22,44,1,2,5,0.8051948,156,1,1,0,0.26190478,0,0,11.416667,4,1.25,0
15,1,0,7,34,75,2,5,11,0.9,286,0.7,0,0,0.20833333,0,0,17.4,5,1.5333333,0
6,3,0,5,27,3,1,5,4,0.4,135,1,0,0.88095236,0.5,0,0,21.166666,2,1,0
2,2,0,8,21,1,1,7,2,1.625,167,0,0,0.9285714,1,0,0,78.5,1,0.5,2
12,1,1,8,31,46,2,6,12,0.8363636,223,1,0,0,0.27083334,0,0,17.166666,1,0.9166667,0
8,1,0,7,33,0,0,7,8,0.71428573,305,0.25,0,0,0.9375,0,0,36.625,5,3,1
4,4,0,9,36,0,0,9,3,0.8666667,179,0.6,1,0.95238096,0.5,0,0,42.5,6,2,1
2,1,0,6,30,0,0,6,0,0,182,1,2,0,0.6,0,0,88.5,9,4.5,0
7,1,1,6,9,15,6,0,7,0.8333333,42,1,0,0,0.71428573,0,0,4.571429,1,0.85714287,0
14,3,2,8,38,83,2,6,8,0.74358976,220,1,1,0.74,0.29761904,1,1,14.5,4,1.2142857,2
3,1,0,6,4,3,6,0,3,2,20,0,0,0,0.5,0,0,5.6666665,2,1,0
16,1,0,12,75,50,0,12,12,0.93703705,682,1,1,0,0.2888889,0,0,40.5,9,2.875,1
14,5,0,7,49,7,1,6,7,0.73504275,488,1,0,0.7,0.25,2,5,33.214287,12,1.7857143,1
6,3,0,6,33,3,0,6,6,0.75,292,1,1,0.88095236,0.33333334,0,0,47,14,3.1666667,2
4,4,0,5,26,6,0,5,1,1.1666666,129,0.5,0,0.9423077,1,3,5,30.75,5,2,0
2,3,0,1,5,1,0,1,2,2,17,0,0,1,1,0,0,7.5,0,0,0
3,3,2,8,6,1,7,1,3,0.5,25,1,0,0.88235295,0.8333333,1,1,7,3,1.3333334,0
14,1,0,16,86,41,3,14,8,0.89102566,451,0.8333333,2,0,0.24358974,0,0,30.357143,3,1,0
4,1,1,8,26,6,4,4,2,2,152,0,0,0,0.75,0,0,37,7,2.25,0
4,1,1,8,10,0,6,2,4,0,51,1,0,0,0.625,0,0,11.5,1,0.75,0
7,3,0,11,28,0,2,9,7,0.25,122,1,0,0.8333333,0.2857143,1,1,16.142857,1,0.85714287,0
11,2,0,1,23,39,1,0,10,0.48333332,136,1,0,0.45454547,0.34848484,1,1,10.818182,1,0.54545456,0
8,1,2,5,22,6,4,1,6,0.6785714,185,1,0,0,0.625,0,0,21.125,4,1.875,3
28,1,0,11,52,282,7,4,28,0.9197531,300,1,3,0,0.1396104,0,0,9.285714,3,1.2857143,0
38,3,4,16,68,601,4,12,13,0.92845786,534,1,1,0.5,0.28947368,0,0,12.605263,5,1.3684211,0
7,3,0,4,38,0,0,4,3,0.8333333,258,1,1,0.88095236,0.44444445,1,1,35.285713,1,0.71428573,0
6,2,0,5,23,9,1,5,3,1.05,160,1,0,0.8648649,0.5555556,2,3,25,4,1.8333334,0
28,2,0,12,97,302,1,11,16,0.962963,1230,1,0,0.5423729,0.27232143,2,8,41.785713,20,2.2857144,0
7,1,0,4,41,15,1,3,6,0.8333333,388,0.33333334,0,0,0.2,0,0,54,3,1.2857143,2
7,1,0,4,24,0,0,4,6,0.56666666,186,1,1,0,0.61904764,0,0,24.857143,6,2.2857144,1
10,1,0,3,11,15,3,0,10,0.33333334,154,1,0,0,0.32,1,1,14.3,4,1,1
5,3,0,7,26,6,2,5,5,1.05,193,1,0,0.88235295,0.53333336,0,0,36.6,5,1.6,1
18,3,2,10,43,61,2,8,16,0.85714287,184,1,1,0.6851852,0.3888889,0,0,8.833333,1,0.9444444,0
4,3,0,6,15,2,0,6,4,0.8888889,85,1,0,0.8333333,0.5,0,0,19.5,6,2,1
31,5,0,7,51,381,0,7,20,0.9190476,376,1,0,0.74358976,0.24193548,2,4,10.67742,4,1.516129,0
14,1,0,4,43,81,1,3,11,0.85714287,230,0.85714287,0,0,0.2857143,0,0,14.928572,5,1.5714285,0
10,1,0,8,11,15,8,0,10,0.33333334,121,1,0,0,0.4,1,1,11,4,1,1
7,1,0,2,36,0,2,1,5,0.5555556,335,0.6666667,1,0,0.64285713,0,0,45.57143,9,3.2857144,0
19,4,0,19,41,23,5,17,19,0.6888889,319,1,1,0.60465115,0.11929824,2,4,15.526316,6,1.2105263,0
13,3,0,8,26,0,0,8,12,0.6111111,98,1,2,0.47826087,0.2820513,1,1,6.3076925,1,0.9230769,1
13,3,13,24,45,46,13,11,9,1.0208334,189,0.3,0,0.7708333,0.375,0,0,12,3,1,0
26,6,0,5,42,233,0,5,19,0.8,269,1,0,0.85714287,0.26923078,1,7,9.115385,3,1.3846154,0
22,3,0,13,80,59,0,13,17,0.97744364,678,1,1,0.63793105,0.47727272,1,1,28.954546,8,1.8181819,0
13,3,0,7,52,48,0,7,7,0.89285713,355,1,1,0.75510204,0.1958042,1,1,25.76923,2,1.0769231,0
3,1,0,7,3,3,2,5,3,2,3,0,0,0,0.47619048,0,0,0,1,1,0
11,3,0,6,53,23,0,6,9,0.8333333,380,0.8888889,1,0.8043478,0.36,1,1,32.727272,1,0.8181818,1
18,1,0,10,47,145,8,2,15,0.7941176,1004,1,2,0,0.18487395,0,0,54.666668,47,6.7777777,1
7,4,0,3,26,9,1,2,7,0.9166667,210,0.6666667,0,0.9285714,0.64285713,2,2,28.142857,13,3.4285715,1
12,1,0,9,46,34,0,9,11,0.71590906,386,1,0,0,0.33333334,0,0,30.5,3,1.1666666,0
11,4,2,8,38,45,2,6,6,0.775,202,1,0,0.8965517,0.2857143,0,0,17,6,1.7272727,0
8,3,0,5,25,16,1,5,7,0.7619048,152,1,0,0.84090906,0.75,0,0,17.625,3,1.375,0
9,1,1,63,15,14,61,2,9,0.4375,103,1,1,0,0.5555556,0,0,10.222222,1,0.6666667,0
23,4,0,6,64,213,2,4,18,0.7386364,409,1,1,0.74647886,0.19480519,2,13,16.608696,6,1.9565217,0
4,4,1,11,20,0,2,9,2,0,75,1,1,0.93333334,0.4375,2,5,17.5,3,1.5,2
15,3,0,9,41,0,0,9,15,0.6785714,204,1,1,0.7254902,0.225,1,2,12.333333,2,1.5333333,0
11,1,0,150,26,41,149,1,9,0.56,134,0.8,2,0,0.3,1,1,10.727273,4,1,0
9,6,0,5,17,26,0,5,6,0.8333333,71,0,0,0.9493671,0.33333334,1,4,6.5555553,3,1.1111112,0
14,3,0,6,34,65,0,6,14,0.9102564,378,1,1,0.74,0.5952381,1,1,25.142857,2,1,0
9,2,0,4,19,10,1,3,6,0.7291667,159,1,1,0.5294118,0.2777778,1,1,16,3,1.1111112,0
13,1,0,7,40,58,0,7,11,0.8333333,292,1,0,0,0.32967034,0,0,20.923077,10,1.8461539,0
42,4,0,15,92,753,3,13,36,0.9483501,707,0.9411765,4,0.6554622,0.14069264,3,3,15.428572,5,1.4047619,0
4,1,0,7,20,4,4,3,2,0.8888889,187,0.33333334,0,0,0.5,0,0,45,9,3.5,1
10,1,0,3,13,31,1,2,10,0.7037037,76,1,1,0,0.375,0,0,6.3,2,1.1,1
48,4,0,25,112,962,8,19,44,0.9650456,837,0.6785714,4,0.62903225,0.15531915,3,3,15.854167,7,1.375,2
13,3,2,9,36,62,2,7,8,0.6388889,202,1,1,0.75510204,0.30769232,0,0,14.307693,5,1.5384616,1
9,1,0,17,23,0,14,3,8,0.5,141,1,1,0,0.2888889,0,0,14.111111,4,1.3333334,0
4,2,0,7,18,6,1,6,3,2,119,0,0,0.625,0.5,0,0,28.75,1,0.75,0
24,4,0,45,68,244,41,6,22,0.8043478,397,1,1,0.7361111,0.21118012,2,14,15.375,6,1.9583334,2
10,4,2,13,26,0,7,7,9,0.11111111,110,1,1,0.79545456,0.26,1,1,9.9,3,1.6,0
42,3,21,47,98,0,21,26,40,0,327,1,1,0.47435898,0.0734127,2,2,6.7619047,6,1.1666666,0
10,3,0,5,45,21,1,5,7,0.7407407,359,1,0,0.8043478,0.45,0,0,34.3,2,1.1,0
32,2,1,16,140,400,3,14,23,0.9705882,1196,0.85294116,2,0.516129,0.21863799,1,5,35.3125,28,2.625,1
6,2,0,15,56,13,1,14,3,0.8,280,0,1,0.61538464,0.5833333,0,0,45.5,5,2.1666667,0
12,3,0,13,32,0,6,7,10,0.45454547,192,1,0,0.75,0.23809524,1,1,14.833333,4,1.6666666,0
8,3,0,8,32,0,1,8,8,0.7755102,190,0.85714287,1,0.84090906,0.8125,1,1,21.875,3,1.25,0
2,3,0,9,20,1,2,7,1,2,128,0,0,0.98717946,0.625,1,3,63,9,4.5,1
6,3,2,20,13,7,17,3,3,0.4,56,1,1,0.73333335,0.43333334,1,4,8,1,0.6666667,0
12,3,0,15,47,44,9,8,6,0.7818182,240,0.4,1,0.75,0.25454545,1,3,18.583334,6,2.1666667,0
7,1,0,15,23,5,7,8,6,0.44444445,148,1,2,0,0.52380955,0,0,19.714285,3,1.1428572,0
1,3,0,1,2,0,0,1,1,2,4,0,0,1,1,0,0,3,0,0,0
26,3,1,8,60,225,1,7,20,0.8727273,526,1,2,0.60655737,0.24,0,0,18.807692,10,1.3076923,1
8,1,0,4,22,0,0,4,6,0.42857143,169,1,0,0,0.625,0,0,19.875,7,1.625,0
7,1,0,5,19,21,2,3,7,2,105,0,0,0,0.2,1,1,14,8,2.4285715,4
22,3,0,5,47,159,0,5,19,0.9047619,365,1,1,0.64912283,0.36190477,2,2,14.818182,9,1.3636364,0
34,3,0,12,86,0,2,10,27,0.9985218,822,1,1,0.5362319,0.30808082,1,1,21.970589,4,1.5588236,0
33,1,6,22,135,316,7,15,10,0.940625,1367,0.6,5,0,0.17630854,0,0,39.81818,10,2.090909,0
8,3,0,13,57,4,0,13,7,0.90909094,377,1,1,0.84090906,0.5,1,1,44.75,7,1.875,0
11,3,0,4,29,17,0,4,8,0.7714286,224,1,1,0.8043478,0.4,1,1,18.727272,3,1,0
23,1,0,15,56,191,11,4,16,0.8073593,850,0.33333334,7,0,0.1875,0,0,35.04348,11,2.4782608,0
11,3,0,9,38,29,0,9,9,0.8888889,260,0.6666667,3,0.8043478,0.22857143,3,3,21.818182,2,1,0
27,4,0,13,118,265,0,13,12,0.8956044,1542,1,3,0.75,0.17777778,1,1,55.592594,10,2.9629629,2
18,1,4,14,42,113,7,7,12,0.8907563,356,0.85714287,0,0,0.26890758,0,0,18.38889,11,1.7777778,3
13,1,0,27,23,68,25,2,12,0.9291667,400,0.4,0,0,0.7083333,0,0,28.23077,50,4.5384617,1
14,1,0,10,45,3,0,10,12,0.5769231,459,0.33333334,0,0,0.26785713,0,0,31.357143,6,2.7142856,0
13,3,0,11,40,0,3,9,10,0.375,289,1,0,0.71428573,0.17948718,2,3,21.076923,4,2,0
15,4,0,14,83,47,0,14,8,0.8214286,566,1,1,0.85714287,0.24489796,2,2,36.2,4,1.2,0
9,3,0,5,18,14,1,4,8,0.8125,90,1,1,0.84090906,0.40625,0,0,8.333333,1,0.7777778,1
5,2,0,7,14,6,0,7,4,0.625,70,1,0,0.6923077,0.8,0,0,12.6,4,1.4,0
4,1,0,6,33,0,1,5,2,0.33333334,157,1,1,0,0.53333336,0,0,37.5,2,0.75,0
3,2,1,12,22,3,2,10,2,1.5,72,0,0,0.8666667,1,0,0,22.666666,1,0.6666667,0
15,2,0,6,43,95,1,5,15,0.9464286,202,0.75,1,0.81333333,0.26666668,1,1,12.2,2,1.0666667,0
27,2,0,6,46,53,3,3,4,0.74009323,2106,1,2,0.25714287,0.20987654,1,2,75.77778,9,1.4814814,1
16,1,3,14,26,82,12,2,9,0.73333335,183,1,1,0,0.546875,0,0,10.0625,2,1,1
16,1,0,9,39,82,4,5,14,0.76666665,297,1,0,0,0.2109375,0,0,17.1875,8,2.125,0
12,1,0,4,41,0,3,1,3,0.76969695,381,1,0,0,0.8181818,0,0,29.5,3,1.6666666,1
33,2,0,15,130,434,2,14,23,0.94084823,1220,0.9285714,2,0.50793654,0.328125,1,5,35.121212,26,2.5151515,0
10,3,0,5,41,21,0,5,5,0.6666667,214,1,0,0.8043478,0.43333334,0,0,20,2,1,0
24,3,2,14,65,222,2,12,13,0.9378882,348,0.9285714,3,0.6166667,0.23809524,0,0,12.916667,4,1.5416666,0
9,1,0,17,39,10,6,11,8,0.875,353,0.25,1,0,0.2777778,0,0,37.333332,3,1.1111112,1
9,4,0,10,64,22,1,9,1,2,791,0,0,0.90909094,0.7037037,4,9,86.888885,23,4.888889,1
14,4,3,11,29,85,3,8,11,0.5769231,108,1,1,0.7592593,0.32142857,0,0,6.571429,4,1.2857143,0
4,2,0,9,22,6,1,8,4,1.2857143,130,0,0,0.8125,1,0,0,29.75,1,0.75,2
9,1,1,4,32,34,1,3,0,0.9375,145,1,1,0,0.4814815,0,0,14.888889,1,0.8888889,0
35,3,0,13,93,519,4,9,25,0.90909094,807,1,3,0.5362319,0.17142858,0,0,21.742857,7,1.4,1
14,5,0,12,41,29,6,6,13,0.87573963,377,0.53846157,2,0.76,0.1965812,1,4,25,9,2.2857144,0
16,4,0,19,56,60,5,16,14,0.8095238,362,1,2,0.83870965,0.25,3,3,21.1875,2,1,0
17,4,0,3,58,108,0,3,9,0.95625,345,0.4,1,0.8,0.25490198,2,6,18.705883,4,1.5882353,0
15,1,0,11,65,75,0,11,11,0.6938776,443,1,0,0,0.2952381,0,0,28.066668,5,1.6,0
13,1,2,12,37,56,4,10,4,0.7708333,269,1,2,0,0.20512821,0,0,19.384615,7,1.3846154,0
9,1,59,62,22,28,61,1,8,0.75,130,0.6666667,0,0,0.4814815,0,0,13.111111,5,1.4444444,0
5,2,0,8,34,8,1,7,3,0.5,216,1,0,0.88461536,1,0,0,42,11,3.4,1
9,4,0,11,54,10,1,11,7,0.8035714,345,1,0,0.87096775,0.3148148,1,1,36.555557,1,0.8888889,4
55,3,8,20,106,1313,8,12,9,0.9565527,1133,1,2,0.4065934,0.19545455,0,0,19.127274,10,1.8545455,0
31,1,0,81,71,311,78,5,27,0.75,644,1,0,0,0.17619048,0,0,19.64516,16,2.1935484,2
3,1,1,1,6,1,1,0,2,0,22,1,0,0,0.6666667,0,0,6,1,0.6666667,0
20,1,0,5,21,130,3,2,20,0.85263157,125,1,0,0,0.36,0,0,5,4,1.05,0
1,3,0,1,2,0,0,1,1,2,5,0,0,1,1,0,0,4,0,0,0
11,3,0,3,24,17,0,3,10,0.67142856,309,1,0,0.78723407,0.54545456,0,0,26.454546,11,1.9090909,0
15,3,0,5,42,69,3,2,15,0.66964287,538,1,2,0.6,0.24761905,2,8,34.333332,1,0.8,1
20,1,0,5,54,138,1,4,13,0.7894737,703,0.42105263,6,0,0.17763157,0,0,33.2,11,2.3,0
34,5,2,15,67,295,4,11,29,0.8429752,586,0.8181818,1,0.74590164,0.17320262,3,15,15.911765,5,1.7941177,3
11,3,0,8,26,0,0,8,11,0,76,1,1,0.78723407,0.28787878,2,2,5.818182,1,0.90909094,0
25,3,0,18,91,218,0,18,18,0.88988096,671,1,2,0.6166667,0.325,1,1,25.28,10,1.56,0
32,3,2,16,97,362,2,14,32,0.9419355,941,0.76,3,0.5441176,0.2013889,3,3,27.625,45,2.625,4
14,3,0,17,48,41,1,16,11,0.7692308,384,1,2,0.74,0.26190478,1,1,25.928572,26,3,1
11,6,0,6,34,39,0,6,7,0.9,195,1,1,0.9447853,0.3,4,10,16.181818,5,1.2727273,2
15,3,0,10,77,41,0,10,12,0.78571427,725,1,3,0.74,0.25,1,1,46.8,2,1.2666667,3
6,1,1,8,22,15,3,5,3,0.8,163,0,0,0,0.30555555,0,0,25.833334,4,1.3333334,0
18,5,0,14,44,77,2,12,16,0.7132353,331,1,3,0.6363636,0.24074075,2,8,16.944445,6,1.4444444,0
15,3,0,3,39,41,1,2,14,0.70408165,469,0.78571427,1,0.45454547,0.31111112,1,2,29.333334,1,0.8,1
2,2,0,8,34,1,1,7,2,2,346,0,0,0.9583333,1,1,1,172,1,0.5,0
17,5,0,9,34,118,2,7,17,0.975,137,0.5,1,0.90588236,0.27058825,3,5,6.470588,2,1.0588236,1
31,3,0,19,107,391,0,19,28,0.92280704,977,0.8947368,5,0.56060606,0.15,3,3,29.903225,3,1.1290323,0
10,1,0,5,18,21,5,0,8,0.72839504,182,1,0,0,0.34,0,0,16.3,7,1.5,1
15,2,1,7,49,75,2,5,9,0.75,402,1,0,0.57894737,0.32592592,1,1,25.533333,1,0.53333336,1
5,3,0,4,18,0,0,4,5,0.5,148,1,0,0.8888889,0.8,0,0,28,1,0.8,0
4,1,0,14,27,4,1,13,1,0.7777778,221,0.33333334,0,0,0.33333334,0,0,53.5,3,1.25,0
28,3,0,17,105,344,7,12,13,0.86419755,874,0.5555556,4,0.53571427,0.24338624,1,1,29.892857,9,2.0714285,0
9,6,0,12,28,6,4,8,4,0.125,143,1,0,0.953125,0.2888889,5,18,14.777778,4,1.5555556,0
16,3,0,15,65,76,0,15,13,0.92,483,1,0,0.7254902,0.31111112,0,0,28.25,9,1.5625,1
25,1,0,10,53,224,1,9,17,0.7202381,460,1,1,0,0.2,0,0,17.12,5,1.84,1
23,6,0,4,42,185,0,4,15,0.8116883,249,0.85714287,0,0.872093,0.21118012,1,7,9.521739,3,1.3913044,0
14,4,0,25,59,67,3,25,8,0.8,304,1,5,0.8666667,0.26153848,1,2,20.357143,4,1.2857143,3
15,2,0,18,66,77,9,13,2,0.877551,315,1,3,0.56666666,0.22222222,1,1,19.533333,2,0.93333334,0
15,1,4,12,53,71,5,8,5,0.97619045,390,0.33333334,2,0,0.22857143,0,0,24.4,18,2.3333333,3
3,1,0,10,18,3,1,9,1,1.1,106,0,0,0,0.44444445,0,0,32.666668,1,0.6666667,0
42,3,4,19,107,739,4,15,33,0.9288618,898,0.9583333,2,0.47435898,0.19312169,0,0,19.809525,10,1.6190476,1
20,3,0,9,46,160,0,9,17,0.8596491,206,1,0,0.6727273,0.2631579,1,1,9,2,1.05,2
15,4,0,13,87,69,0,13,10,0.82653064,498,1,0,0.84782606,0.23333333,3,5,31.733334,7,1.4666667,2
17,3,0,18,53,86,4,18,14,0.89204544,348,1,2,0.6981132,0.15508021,1,1,18.82353,8,2.235294,1
9,1,0,32,36,36,32,0,7,1.1041666,281,0.8333333,0,0,0.25,0,0,29.555555,11,3,0
8,3,0,6,36,18,1,6,4,1,182,0.42857143,1,0.8604651,0.2857143,0,0,20.875,1,0.75,0
7,2,1,6,21,0,2,5,4,0.33333334,90,1,0,0.6,0.4642857,0,0,11.571428,3,1.2857143,0
15,3,0,25,44,45,16,10,13,0.61904764,311,1,3,0.6818182,0.21666667,1,1,19.333334,6,1.8666667,0
12,3,0,14,58,0,0,14,11,0.6060606,303,1,1,0.7708333,0.22619048,2,3,24,3,1.25,1
29,3,7,89,59,328,85,5,27,0.88095236,471,0.7777778,0,0.5660377,0.23469388,3,4,14.931034,6,2.0344827,0
14,3,0,10,90,63,1,10,9,0.9230769,615,1,0,0.74,0.22222222,1,1,42.142857,3,1.2857143,0
17,1,0,13,73,82,8,6,10,0.8203125,598,1,0,0,0.18382353,0,0,33.705883,3,0.9411765,7
9,2,1,6,50,24,2,4,5,0.85,404,1,0,0.6875,0.45833334,1,3,43.333332,2,0.6666667,1
12,1,0,19,33,66,13,7,10,1.0454545,261,0,0,0,0.25925925,0,0,20.583334,8,1.9166666,0
6,3,0,7,28,9,2,6,6,0.85,261,0.25,0,0.88095236,0.375,1,1,41.833332,4,1.3333334,0
8,3,0,6,27,0,0,6,8,0.6857143,141,1,0,0.84090906,0.35,1,1,16,1,0.875,0
31,3,0,16,79,365,4,14,29,0.90555555,466,1,3,0.56060606,0.20952381,0,0,13.645162,4,1.2580645,0
10,1,28,67,14,35,66,2,10,0.7407407,75,1,2,0,0.32,0,0,6.2,3,1.1,0
9,3,0,5,26,16,0,5,7,0.75,185,1,0,0.8,0.3888889,0,0,19,2,1,1
12,3,0,11,75,44,1,11,7,0.93636364,455,0.5,0,0.7708333,0.2361111,0,0,36.083332,4,1.75,0
21,1,2,14,47,124,10,4,18,0.7,575,0.85714287,0,0,0.32539684,0,0,26.047619,10,2.6190476,0
25,1,0,15,108,244,0,15,15,0.8154762,712,1,4,0,0.1780303,0,0,26.92,8,1.48,2
19,1,0,23,69,81,11,12,14,0.8564815,517,1,4,0,0.18333334,0,0,25.578947,6,1.8421053,0
24,4,0,14,85,180,0,14,13,0.7826087,741,1,0,0.7105263,0.32608697,2,2,29.541666,7,1.625,4
12,3,0,6,30,30,0,6,8,0.7818182,282,1,1,0.7708333,0.4722222,1,1,22.083334,6,2.0833333,0
16,1,0,8,76,0,3,5,16,0.8833333,616,0.25,1,0,0.16666667,1,1,36.5,8,1.5625,1
6,4,0,9,32,9,0,9,3,0.2,182,1,1,0.91071427,0.35714287,1,1,29.166666,3,1.5,2
13,1,0,24,82,22,5,19,13,0.78333336,552,0.9,4,0,0.1474359,0,0,40.692307,6,1.3846154,0
14,1,0,30,96,87,8,23,10,0.88461536,905,1,2,0,0.1923077,0,0,63.5,10,1.7142857,1
34,3,0,9,106,435,0,9,15,0.93301433,1020,0.94736844,3,0.5362319,0.18855219,2,2,28.441177,46,3.0588236,1
17,1,0,8,67,90,7,1,13,0.703125,878,1,1,0,0.29375,0,0,50.17647,11,2.5294118,0
5,3,0,7,31,4,0,7,4,0.75,178,1,1,0.925,0.5,2,2,34,11,2.6,0
5,2,0,9,25,4,1,8,3,0.75,137,0.5,0,0.8125,0.5,0,0,26,2,1,0
26,3,0,12,85,217,7,7,19,0.7771429,811,0.78571427,1,0.5555556,0.21978022,2,3,29.653847,7,1.9615384,2
22,3,0,14,62,133,10,5,17,0.5714286,625,1,0,0.5882353,0.26623377,2,3,27.227272,9,2.8181818,0
24,4,0,13,103,176,1,12,18,0.80818415,1046,1,1,0.77227724,0.175,0,0,41.875,6,1.4166666,2
31,3,0,15,109,365,0,15,27,0.88809526,778,1,2,0.5522388,0.11491936,1,3,23.64516,22,2.2903225,1
23,4,0,13,96,181,0,13,16,0.71590906,856,1,1,0.6557377,0.22727273,0,0,35.869564,5,1.2608696,5
29,3,1,18,96,294,2,17,16,0.89761907,796,0.93333334,4,0.578125,0.16269842,2,2,25.931034,5,1.3793104,0
22,3,0,12,71,163,1,11,17,0.86734694,783,1,5,0.64912283,0.25170067,2,2,33.954544,22,2.6818182,1
25,5,1,14,91,196,3,13,16,0.8782051,800,1,1,0.7012987,0.21875,0,0,30.48,6,1.68,1
20,3,0,18,70,136,1,18,13,0.8245614,515,1,5,0.6727273,0.16746412,0,0,24.15,7,1.45,2
28,1,0,34,63,200,29,7,24,0.8055556,528,1,2,0,0.21938775,0,0,17.571428,8,1.8571428,1
25,1,0,20,71,182,12,9,22,0.8194444,515,1,1,0,0.17916666,0,0,19.12,11,1.84,1
1,1,0,0,2,0,0,0,0,2,26,0,0,0,1,0,0,3,0,0,2
18,1,2,24,68,151,18,8,17,1.0441177,386,0.125,0,0,0.15277778,0,0,20,4,1.5,1
40,5,0,30,121,622,6,24,36,0.8869464,1031,0.8636364,6,0.4935065,0.115625,2,4,24.225,21,2.35,2
64,5,3,15,111,1836,3,12,38,0.9455782,888,1,1,0.58,0.12109375,2,3,12.546875,6,1.484375,0
30,4,0,10,100,271,4,10,16,0.8912467,788,1,3,0.7358491,0.21674877,2,2,24.833334,3,1.1666666,3
14,5,0,14,69,25,1,14,14,0.83760685,492,0.7777778,2,0.80597013,0.24107143,1,1,33.5,17,2.5,0
11,3,0,9,54,15,1,8,10,0.7375,493,1,1,0.8043478,0.27142859,1,1,43.090908,1,0.8181818,3
16,3,1,18,80,86,1,17,11,0.8787879,631,0.90909094,3,0.7254902,0.18888889,2,2,37.75,4,1.1875,4
77,4,1,29,123,2700,14,17,68,0.97795165,1021,1,6,0.5064935,0.20593692,1,1,11.779221,14,1.7532468,3
25,2,7,27,38,0,8,22,21,0.6666667,198,1,0,0.28125,0.092,0,0,6.8,2,0.96,0
18,3,0,6,55,79,0,6,15,0.8907563,322,0.85714287,3,0.6981132,0.26890758,1,1,16.11111,3,1,0
21,3,0,12,61,144,1,12,15,0.8363636,507,1,3,0.66071427,0.1875,2,2,22.619047,4,1.4285715,0
22,4,0,25,172,151,1,25,10,0.9217687,1224,0.2857143,2,0.7878788,0.1780303,1,1,54,12,2.2272727,4
23,1,0,4,56,107,3,2,18,0.6363636,689,1,2,0,0.26086956,0,0,28.73913,7,2.1304348,3
27,2,0,11,53,229,8,3,23,0.8021978,405,1,0,0.5,0.13804714,1,1,13.740741,6,1.5185186,1
26,4,0,12,109,233,1,12,20,0.892,881,1,1,0.7093023,0.15705128,2,2,32.115383,4,1.0769231,8
27,3,0,8,101,157,5,3,15,0.8247863,1286,0.8888889,1,0.29411766,0.18376069,1,7,45.62963,4,1.1111112,1
18,3,0,12,80,61,1,12,12,0.64705884,549,1,2,0.6851852,0.18181819,0,0,29.38889,8,1.9444444,4
22,2,28,37,44,183,31,6,7,0.52380955,271,1,1,0.3,0.19886364,1,2,11.227273,3,1.3181819,0
29,3,0,25,109,268,1,25,20,0.85119045,879,1,6,0.578125,0.125,1,1,28.689655,29,3,4
42,1,0,24,109,653,6,19,30,0.8998258,1212,1,3,0,0.14634146,0,0,27.190475,40,2.2619047,2
34,3,0,112,112,461,101,13,28,0.8030303,1021,0.5,3,0.4918033,0.12770563,2,6,28.911764,7,2.235294,1
31,4,4,29,104,347,4,25,20,0.8611111,1270,1,5,0.7196262,0.12298387,3,9,39.387096,19,2,2
31,5,2,24,152,349,2,22,13,0.8574074,1413,1,8,0.8116883,0.11578947,4,16,44,7,1.483871,6
21,4,0,15,72,54,1,14,16,0.835,457,0.9,2,0.8041237,0.19444445,2,2,20.285715,3,1,2
16,1,0,29,40,72,27,2,11,0.9291667,463,0.5625,1,0,0.17777778,0,0,26.9375,5,1.9375,0
24,3,0,21,96,246,9,13,20,0.72282606,610,0.875,1,0.5660377,0.15416667,1,1,24.083334,14,2.5416667,0
29,2,102,184,66,346,181,8,19,0.83928573,375,1,3,0.24324325,0.19157088,1,1,11.724138,5,1.3448275,0
46,4,0,39,135,17,2,37,40,0.8837607,1100,1,3,0.6393443,0.074666664,3,5,22.630434,16,1.673913,5
43,3,1,25,120,451,9,16,30,0.89337474,920,1,5,0.48051947,0.1468254,0,0,19.860466,15,1.5116279,1
39,1,0,21,94,461,11,11,33,0.7868421,559,1,6,0,0.15384616,0,0,13.076923,7,1.6923077,0
25,1,10,26,103,134,10,16,3,0.7717391,1167,1,9,0,0.22619048,0,0,44.76,29,4.68,2
59,3,3,38,121,1145,9,29,57,0.7284483,1035,1,2,0.3448276,0.06174334,2,3,16.40678,8,1.8474576,3
20,4,0,9,56,150,0,9,15,0.95614034,455,0.6111111,2,0.7692308,0.28947368,0,0,20.85,6,1.3,2
21,4,0,15,76,152,5,14,16,0.8333333,573,0.8888889,2,0.6721311,0.17857143,1,1,25.857143,23,3.1904762,1
31,3,0,29,119,277,19,15,19,0.74444443,900,1,0,0.5522388,0.20788531,1,5,27.838709,16,2.580645,3
17,2,0,17,85,74,7,16,4,0.7875,461,1,5,0.53125,0.15625,1,1,25.82353,1,0.88235295,1
12,3,0,15,99,18,1,14,8,0.8264463,804,1,1,0.7708333,0.2777778,2,2,65.083336,18,4.8333335,2
30,1,0,10,104,429,2,9,5,1.0137931,1038,0.8,0,0,0.108333334,0,0,33.266666,9,1.9,3
39,1,0,25,150,625,8,21,24,0.87871855,1561,0.9130435,1,0,0.11111111,0,0,38.435898,27,2.2307692,6
56,2,2,51,169,1200,37,16,35,0.84886366,1842,0.875,2,0.40963855,0.15584415,1,5,31.607143,14,2.1964285,6
60,3,0,35,178,1304,10,25,43,0.891326,1152,1,5,0.38947368,0.09824561,1,4,17.916666,5,1.3166667,2
45,3,2,25,157,744,4,22,27,0.9020979,1828,0.84615386,2,0.4625,0.13986014,1,1,39.044445,19,2.2444444,5
11,1,0,8,75,53,7,1,9,0.825,968,0.5,0,0,0.18333334,0,0,86.27273,17,3.1818182,4
44,4,0,28,137,774,4,26,31,0.92334193,1254,0.962963,9,0.65,0.12790698,4,6,26.886364,5,1.2045455,2
23,1,0,17,126,161,2,17,5,0.7708333,2117,0.7916667,0,0,0.14876033,0,0,90,53,4.521739,4
92,3,0,34,261,3726,8,34,81,0.9602456,2704,0.9705882,11,0.2913386,0.11247576,2,2,28.02174,15,1.5543479,4
33,1,0,70,121,440,54,22,25,0.86011904,1095,0.8095238,7,0,0.11057692,0,0,31.545454,11,1.969697,0
49,4,1,31,210,844,1,30,28,0.87740386,2937,1,2,0.624,0.12731482,0,0,58.408165,13,1.4489796,8
28,3,0,18,132,130,3,15,19,0.84656084,1139,0.9285714,2,0.5967742,0.15151516,3,5,39.17857,6,1.6785715,3
9,1,0,5,57,34,2,3,2,1.0833334,566,0.22222222,0,0,0.30357143,0,0,60.88889,2,0.8888889,1
35,1,0,32,120,417,20,28,24,0.92789376,2098,0.38709676,0,0,0.2904412,0,0,58.057144,19,2.5142858,4
39,1,0,26,154,449,13,16,26,0.8784461,1711,0.71428573,3,0,0.17894737,0,0,42.333332,13,2.5641026,0
63,1,2,61,144,1603,51,10,31,0.87428844,2303,1,2,0,0.21370968,0,0,35.015873,35,3.2380953,3
63,3,0,36,267,1715,4,35,36,0.92293906,2328,0.8611111,9,0.37755102,0.09164223,2,4,35.38095,21,2.079365,5
58,1,0,142,158,1627,134,12,56,0.9498747,1752,0.64285713,1,0,0.16023391,0,0,28.965517,17,2.637931,4
120,1,0,365,288,6692,352,30,103,0.97547126,2384,0.5945946,5,0,0.09008403,0,0,18.558332,6,1.4166666,10
