testfile,Naive_CPDP_RF,Zscore_CPDP_RF,Zscore_SMOTE_CPDP_RF,Zscore_SMOTE_iFF_CPDP_RF,Zscore_WiFF_CPDP_RF,Zscore_WiFFplusL_CPDP_RF
ant-1.7.csv,0.277108434,0.265060241,0.536144578,0.120481928,0.246987952,0.843373494
ant-1.7.csv,0.28313253,0.295180723,0.554216867,0.21686747,0.21686747,0.801204819
ant-1.7.csv,0.28313253,0.295180723,0.584337349,0.102409639,0.234939759,0.819277108
ant-1.7.csv,0.253012048,0.259036145,0.524096386,0.138554217,0.21686747,0.837349398
ant-1.7.csv,0.253012048,0.253012048,0.596385542,0.174698795,0.186746988,0.831325301
ant-1.7.csv,0.295180723,0.295180723,0.590361446,0.13253012,0.271084337,0.86746988
ant-1.7.csv,0.210843373,0.210843373,0.542168675,0.21686747,0.156626506,0.777108434
ant-1.7.csv,0.259036145,0.259036145,0.542168675,0.144578313,0.126506024,0.837349398
ant-1.7.csv,0.271084337,0.259036145,0.578313253,0.15060241,0.259036145,0.843373494
ant-1.7.csv,0.28313253,0.28313253,0.590361446,0.126506024,0.204819277,0.819277108
ant-1.7.csv,0.295180723,0.295180723,0.584337349,0.21686747,0.259036145,0.825301205
ant-1.7.csv,0.271084337,0.271084337,0.560240964,0.246987952,0.271084337,0.825301205
ant-1.7.csv,0.301204819,0.289156627,0.590361446,0.144578313,0.168674699,0.825301205
ant-1.7.csv,0.246987952,0.246987952,0.542168675,0.168674699,0.102409639,0.825301205
ant-1.7.csv,0.240963855,0.240963855,0.572289157,0.168674699,0.234939759,0.84939759
ant-1.7.csv,0.259036145,0.259036145,0.530120482,0.198795181,0.301204819,0.84939759
ant-1.7.csv,0.246987952,0.240963855,0.560240964,0.168674699,0.198795181,0.789156627
ant-1.7.csv,0.301204819,0.307228916,0.578313253,0.138554217,0.156626506,0.837349398
ant-1.7.csv,0.253012048,0.265060241,0.56626506,0.192771084,0.15060241,0.843373494
ant-1.7.csv,0.240963855,0.240963855,0.560240964,0.246987952,0.162650602,0.801204819
ant-1.7.csv,0.259036145,0.271084337,0.596385542,0.222891566,0.228915663,0.819277108
ant-1.7.csv,0.295180723,0.295180723,0.602409639,0.234939759,0.192771084,0.813253012
ant-1.7.csv,0.277108434,0.28313253,0.560240964,0.21686747,0.222891566,0.84939759
ant-1.7.csv,0.28313253,0.28313253,0.560240964,0.180722892,0.144578313,0.819277108
ant-1.7.csv,0.240963855,0.246987952,0.560240964,0.253012048,0.126506024,0.819277108
ant-1.7.csv,0.259036145,0.259036145,0.560240964,0.204819277,0.21686747,0.801204819
ant-1.7.csv,0.289156627,0.277108434,0.530120482,0.240963855,0.222891566,0.819277108
ant-1.7.csv,0.240963855,0.253012048,0.560240964,0.246987952,0.162650602,0.84939759
ant-1.7.csv,0.271084337,0.271084337,0.548192771,0.265060241,0.34939759,0.837349398
ant-1.7.csv,0.307228916,0.313253012,0.530120482,0.228915663,0.174698795,0.84939759
arc-1.csv,0.148148148,0.148148148,0.37037037,0.185185185,0.074074074,0.555555556
arc-1.csv,0.185185185,0.148148148,0.333333333,0.111111111,0.037037037,0.555555556
arc-1.csv,0.111111111,0.111111111,0.296296296,0.074074074,0.074074074,0.481481481
arc-1.csv,0.148148148,0.111111111,0.407407407,0.185185185,0.037037037,0.518518519
arc-1.csv,0.222222222,0.222222222,0.37037037,0.222222222,0.296296296,0.518518519
arc-1.csv,0.148148148,0.148148148,0.37037037,0.37037037,0.074074074,0.555555556
arc-1.csv,0.222222222,0.222222222,0.333333333,0.148148148,0.037037037,0.555555556
arc-1.csv,0.185185185,0.148148148,0.37037037,0.333333333,0.148148148,0.592592593
arc-1.csv,0.222222222,0.148148148,0.333333333,0.259259259,0.037037037,0.592592593
arc-1.csv,0.222222222,0.259259259,0.37037037,0.111111111,0.074074074,0.62962963
arc-1.csv,0.185185185,0.185185185,0.296296296,0.185185185,0,0.62962963
arc-1.csv,0.148148148,0.148148148,0.333333333,0.074074074,0,0.62962963
arc-1.csv,0.148148148,0.148148148,0.296296296,0.074074074,0.037037037,0.592592593
arc-1.csv,0.185185185,0.148148148,0.259259259,0.074074074,0.037037037,0.555555556
arc-1.csv,0.185185185,0.296296296,0.37037037,0.185185185,0.037037037,0.62962963
arc-1.csv,0.148148148,0.148148148,0.37037037,0.222222222,0.259259259,0.555555556
arc-1.csv,0.185185185,0.222222222,0.333333333,0.259259259,0.037037037,0.592592593
arc-1.csv,0.148148148,0.148148148,0.296296296,0.333333333,0.074074074,0.555555556
arc-1.csv,0.222222222,0.222222222,0.37037037,0.148148148,0.074074074,0.62962963
arc-1.csv,0.222222222,0.185185185,0.37037037,0.111111111,0.333333333,0.62962963
arc-1.csv,0.148148148,0.148148148,0.407407407,0,0.148148148,0.555555556
arc-1.csv,0.259259259,0.185185185,0.37037037,0.185185185,0.111111111,0.555555556
arc-1.csv,0.185185185,0.259259259,0.296296296,0.185185185,0.111111111,0.592592593
arc-1.csv,0.148148148,0.222222222,0.296296296,0.296296296,0.074074074,0.555555556
arc-1.csv,0.185185185,0.222222222,0.259259259,0.074074074,0.259259259,0.592592593
arc-1.csv,0.148148148,0.185185185,0.37037037,0.111111111,0.296296296,0.481481481
arc-1.csv,0.148148148,0.111111111,0.37037037,0.222222222,0.148148148,0.555555556
arc-1.csv,0.185185185,0.148148148,0.296296296,0.222222222,0.222222222,0.62962963
arc-1.csv,0.185185185,0.185185185,0.37037037,0.185185185,0.074074074,0.518518519
arc-1.csv,0.148148148,0.148148148,0.333333333,0.148148148,0.074074074,0.555555556
camel-1.6.csv,0.079787234,0.079787234,0.255319149,0.287234043,0.14893617,0.484042553
camel-1.6.csv,0.074468085,0.079787234,0.265957447,0.234042553,0.164893617,0.45212766
camel-1.6.csv,0.085106383,0.090425532,0.29787234,0.20212766,0.218085106,0.537234043
camel-1.6.csv,0.10106383,0.095744681,0.303191489,0.138297872,0.207446809,0.446808511
camel-1.6.csv,0.10106383,0.10106383,0.276595745,0.191489362,0.170212766,0.441489362
camel-1.6.csv,0.079787234,0.069148936,0.329787234,0.223404255,0.207446809,0.526595745
camel-1.6.csv,0.085106383,0.10106383,0.313829787,0.271276596,0.186170213,0.521276596
camel-1.6.csv,0.085106383,0.090425532,0.35106383,0.324468085,0.170212766,0.515957447
camel-1.6.csv,0.079787234,0.074468085,0.308510638,0.239361702,0.234042553,0.510638298
camel-1.6.csv,0.074468085,0.069148936,0.303191489,0.207446809,0.228723404,0.484042553
camel-1.6.csv,0.095744681,0.074468085,0.255319149,0.175531915,0.143617021,0.425531915
camel-1.6.csv,0.079787234,0.079787234,0.319148936,0.239361702,0.234042553,0.563829787
camel-1.6.csv,0.090425532,0.095744681,0.319148936,0.223404255,0.212765957,0.505319149
camel-1.6.csv,0.069148936,0.074468085,0.29787234,0.292553191,0.207446809,0.510638298
camel-1.6.csv,0.079787234,0.085106383,0.313829787,0.260638298,0.20212766,0.526595745
camel-1.6.csv,0.079787234,0.074468085,0.276595745,0.287234043,0.154255319,0.484042553
camel-1.6.csv,0.079787234,0.090425532,0.308510638,0.313829787,0.271276596,0.526595745
camel-1.6.csv,0.079787234,0.074468085,0.319148936,0.191489362,0.239361702,0.510638298
camel-1.6.csv,0.090425532,0.079787234,0.292553191,0.234042553,0.10106383,0.526595745
camel-1.6.csv,0.079787234,0.074468085,0.29787234,0.260638298,0.154255319,0.489361702
camel-1.6.csv,0.085106383,0.090425532,0.29787234,0.218085106,0.271276596,0.521276596
camel-1.6.csv,0.10106383,0.106382979,0.271276596,0.25,0.106382979,0.489361702
camel-1.6.csv,0.085106383,0.085106383,0.319148936,0.276595745,0.207446809,0.526595745
camel-1.6.csv,0.10106383,0.10106383,0.281914894,0.271276596,0.191489362,0.510638298
camel-1.6.csv,0.090425532,0.106382979,0.319148936,0.191489362,0.14893617,0.484042553
camel-1.6.csv,0.10106383,0.10106383,0.281914894,0.223404255,0.138297872,0.473404255
camel-1.6.csv,0.095744681,0.10106383,0.271276596,0.207446809,0.191489362,0.526595745
camel-1.6.csv,0.090425532,0.095744681,0.29787234,0.29787234,0.228723404,0.494680851
camel-1.6.csv,0.111702128,0.122340426,0.313829787,0.260638298,0.175531915,0.563829787
camel-1.6.csv,0.095744681,0.079787234,0.281914894,0.191489362,0.143617021,0.478723404
ivy-2.0.csv,0.375,0.375,0.575,0.2,0.325,0.875
ivy-2.0.csv,0.35,0.35,0.575,0.375,0.275,0.85
ivy-2.0.csv,0.325,0.325,0.575,0.2,0.3,0.825
ivy-2.0.csv,0.35,0.4,0.525,0.2,0.4,0.85
ivy-2.0.csv,0.3,0.325,0.6,0.25,0.35,0.825
ivy-2.0.csv,0.375,0.35,0.525,0.25,0.275,0.85
ivy-2.0.csv,0.325,0.35,0.525,0.25,0.2,0.825
ivy-2.0.csv,0.325,0.3,0.625,0.2,0.2,0.85
ivy-2.0.csv,0.375,0.35,0.625,0.25,0.4,0.875
ivy-2.0.csv,0.325,0.325,0.575,0.2,0.3,0.825
ivy-2.0.csv,0.375,0.35,0.6,0.225,0.275,0.8
ivy-2.0.csv,0.375,0.35,0.525,0.35,0.225,0.825
ivy-2.0.csv,0.35,0.325,0.65,0.3,0.325,0.875
ivy-2.0.csv,0.325,0.275,0.575,0.175,0.275,0.825
ivy-2.0.csv,0.35,0.35,0.6,0.175,0.375,0.825
ivy-2.0.csv,0.35,0.35,0.6,0.25,0.4,0.85
ivy-2.0.csv,0.4,0.35,0.625,0.2,0.3,0.8
ivy-2.0.csv,0.35,0.35,0.55,0.25,0.45,0.85
ivy-2.0.csv,0.375,0.325,0.6,0.3,0.3,0.85
ivy-2.0.csv,0.325,0.375,0.65,0.175,0.4,0.85
ivy-2.0.csv,0.4,0.35,0.525,0.15,0.225,0.8
ivy-2.0.csv,0.4,0.4,0.625,0.225,0.475,0.85
ivy-2.0.csv,0.325,0.35,0.6,0.275,0.3,0.825
ivy-2.0.csv,0.375,0.375,0.625,0.35,0.45,0.85
ivy-2.0.csv,0.35,0.3,0.65,0.35,0.4,0.825
ivy-2.0.csv,0.275,0.275,0.5,0.275,0.35,0.85
ivy-2.0.csv,0.35,0.375,0.65,0.35,0.45,0.825
ivy-2.0.csv,0.3,0.3,0.55,0.225,0.375,0.8
ivy-2.0.csv,0.35,0.375,0.55,0.45,0.225,0.875
ivy-2.0.csv,0.325,0.325,0.5,0.15,0.275,0.85
jedit-4.3.csv,0.545454545,0.454545455,0.545454545,0.090909091,0.272727273,0.636363636
jedit-4.3.csv,0.545454545,0.545454545,0.545454545,0.090909091,0.363636364,0.636363636
jedit-4.3.csv,0.454545455,0.454545455,0.545454545,0.545454545,0.090909091,0.636363636
jedit-4.3.csv,0.545454545,0.545454545,0.545454545,0.090909091,0.090909091,0.636363636
jedit-4.3.csv,0.454545455,0.454545455,0.545454545,0,0.090909091,0.636363636
jedit-4.3.csv,0.454545455,0.454545455,0.545454545,0.090909091,0.454545455,0.636363636
jedit-4.3.csv,0.454545455,0.454545455,0.545454545,0.090909091,0.181818182,0.636363636
jedit-4.3.csv,0.454545455,0.454545455,0.545454545,0.090909091,0.272727273,0.636363636
jedit-4.3.csv,0.454545455,0.454545455,0.545454545,0.090909091,0.181818182,0.636363636
jedit-4.3.csv,0.454545455,0.454545455,0.545454545,0.272727273,0.363636364,0.636363636
jedit-4.3.csv,0.545454545,0.545454545,0.545454545,0.090909091,0.090909091,0.636363636
jedit-4.3.csv,0.454545455,0.454545455,0.454545455,0.090909091,0.272727273,0.636363636
jedit-4.3.csv,0.545454545,0.545454545,0.545454545,0.090909091,0.272727273,0.636363636
jedit-4.3.csv,0.545454545,0.454545455,0.545454545,0,0,0.636363636
jedit-4.3.csv,0.545454545,0.545454545,0.545454545,0.090909091,0.181818182,0.636363636
jedit-4.3.csv,0.545454545,0.545454545,0.545454545,0.090909091,0.090909091,0.636363636
jedit-4.3.csv,0.545454545,0.545454545,0.545454545,0.090909091,0.272727273,0.636363636
jedit-4.3.csv,0.454545455,0.454545455,0.545454545,0.090909091,0.272727273,0.636363636
jedit-4.3.csv,0.454545455,0.454545455,0.545454545,0,0.272727273,0.636363636
jedit-4.3.csv,0.454545455,0.454545455,0.545454545,0.090909091,0.545454545,0.636363636
jedit-4.3.csv,0.545454545,0.545454545,0.545454545,0.090909091,0.090909091,0.636363636
jedit-4.3.csv,0.454545455,0.454545455,0.545454545,0.090909091,0.090909091,0.636363636
jedit-4.3.csv,0.545454545,0.545454545,0.454545455,0.090909091,0.272727273,0.636363636
jedit-4.3.csv,0.454545455,0.454545455,0.545454545,0,0.181818182,0.636363636
jedit-4.3.csv,0.454545455,0.454545455,0.545454545,0.090909091,0.181818182,0.636363636
jedit-4.3.csv,0.545454545,0.454545455,0.545454545,0.363636364,0.181818182,0.636363636
jedit-4.3.csv,0.545454545,0.545454545,0.545454545,0,0.090909091,0.636363636
jedit-4.3.csv,0.454545455,0.545454545,0.545454545,0.181818182,0.090909091,0.636363636
jedit-4.3.csv,0.545454545,0.454545455,0.545454545,0.090909091,0.090909091,0.636363636
jedit-4.3.csv,0.454545455,0.454545455,0.545454545,0.090909091,0.181818182,0.636363636
log4j-1.1.csv,0.081081081,0.027027027,0.351351351,0.108108108,0.081081081,0.702702703
log4j-1.1.csv,0,0,0.297297297,0.162162162,0.162162162,0.648648649
log4j-1.1.csv,0.081081081,0.108108108,0.351351351,0.27027027,0.135135135,0.675675676
log4j-1.1.csv,0.027027027,0.027027027,0.324324324,0.216216216,0.189189189,0.72972973
log4j-1.1.csv,0.054054054,0.054054054,0.405405405,0.243243243,0.189189189,0.648648649
log4j-1.1.csv,0,0,0.243243243,0.243243243,0.189189189,0.675675676
log4j-1.1.csv,0.054054054,0.027027027,0.297297297,0.189189189,0.216216216,0.72972973
log4j-1.1.csv,0.054054054,0.054054054,0.378378378,0.243243243,0.135135135,0.675675676
log4j-1.1.csv,0.054054054,0.081081081,0.297297297,0.27027027,0.27027027,0.702702703
log4j-1.1.csv,0.027027027,0,0.324324324,0.243243243,0.162162162,0.702702703
log4j-1.1.csv,0.108108108,0.081081081,0.378378378,0.243243243,0.135135135,0.648648649
log4j-1.1.csv,0.108108108,0.081081081,0.297297297,0.162162162,0.189189189,0.648648649
log4j-1.1.csv,0.081081081,0.108108108,0.378378378,0.216216216,0.189189189,0.702702703
log4j-1.1.csv,0.027027027,0.081081081,0.324324324,0.216216216,0.243243243,0.675675676
log4j-1.1.csv,0.081081081,0.108108108,0.324324324,0.216216216,0.189189189,0.72972973
log4j-1.1.csv,0.054054054,0.054054054,0.324324324,0.243243243,0.189189189,0.702702703
log4j-1.1.csv,0.027027027,0.054054054,0.378378378,0.27027027,0.162162162,0.675675676
log4j-1.1.csv,0.027027027,0.027027027,0.297297297,0.27027027,0.27027027,0.648648649
log4j-1.1.csv,0.108108108,0.081081081,0.351351351,0.189189189,0.189189189,0.648648649
log4j-1.1.csv,0.027027027,0.081081081,0.216216216,0.135135135,0.27027027,0.675675676
log4j-1.1.csv,0.027027027,0.054054054,0.378378378,0.27027027,0.108108108,0.702702703
log4j-1.1.csv,0.054054054,0.108108108,0.324324324,0.216216216,0.162162162,0.702702703
log4j-1.1.csv,0.054054054,0.081081081,0.27027027,0.189189189,0.324324324,0.72972973
log4j-1.1.csv,0.081081081,0.081081081,0.297297297,0.216216216,0.162162162,0.702702703
log4j-1.1.csv,0.054054054,0.054054054,0.405405405,0.162162162,0.162162162,0.756756757
log4j-1.1.csv,0.054054054,0.054054054,0.324324324,0.216216216,0.189189189,0.702702703
log4j-1.1.csv,0.054054054,0.054054054,0.297297297,0.135135135,0.297297297,0.72972973
log4j-1.1.csv,0.081081081,0.081081081,0.27027027,0.189189189,0.189189189,0.675675676
log4j-1.1.csv,0.054054054,0.054054054,0.351351351,0.243243243,0.135135135,0.675675676
log4j-1.1.csv,0.027027027,0.027027027,0.351351351,0.162162162,0.108108108,0.702702703
lucene-2.0.csv,0.054945055,0.054945055,0.197802198,0.153846154,0.164835165,0.615384615
lucene-2.0.csv,0.065934066,0.043956044,0.208791209,0.164835165,0.197802198,0.615384615
lucene-2.0.csv,0.065934066,0.065934066,0.230769231,0.175824176,0.21978022,0.615384615
lucene-2.0.csv,0.076923077,0.065934066,0.230769231,0.131868132,0.186813187,0.571428571
lucene-2.0.csv,0.098901099,0.098901099,0.230769231,0.142857143,0.252747253,0.604395604
lucene-2.0.csv,0.054945055,0.065934066,0.208791209,0.142857143,0.142857143,0.56043956
lucene-2.0.csv,0.054945055,0.065934066,0.263736264,0.131868132,0.120879121,0.648351648
lucene-2.0.csv,0.076923077,0.098901099,0.21978022,0.098901099,0.21978022,0.593406593
lucene-2.0.csv,0.054945055,0.065934066,0.186813187,0.076923077,0.164835165,0.615384615
lucene-2.0.csv,0.087912088,0.087912088,0.197802198,0.131868132,0.274725275,0.615384615
lucene-2.0.csv,0.065934066,0.065934066,0.230769231,0.153846154,0.197802198,0.626373626
lucene-2.0.csv,0.065934066,0.076923077,0.197802198,0.142857143,0.153846154,0.648351648
lucene-2.0.csv,0.065934066,0.087912088,0.208791209,0.197802198,0.186813187,0.67032967
lucene-2.0.csv,0.065934066,0.076923077,0.208791209,0.142857143,0.21978022,0.648351648
lucene-2.0.csv,0.076923077,0.065934066,0.21978022,0.131868132,0.142857143,0.626373626
lucene-2.0.csv,0.043956044,0.032967033,0.230769231,0.120879121,0.186813187,0.626373626
lucene-2.0.csv,0.054945055,0.065934066,0.208791209,0.197802198,0.142857143,0.538461538
lucene-2.0.csv,0.076923077,0.076923077,0.263736264,0.120879121,0.164835165,0.615384615
lucene-2.0.csv,0.043956044,0.054945055,0.230769231,0.142857143,0.263736264,0.615384615
lucene-2.0.csv,0.054945055,0.054945055,0.252747253,0.10989011,0.186813187,0.637362637
lucene-2.0.csv,0.054945055,0.087912088,0.285714286,0.197802198,0.153846154,0.648351648
lucene-2.0.csv,0.043956044,0.054945055,0.263736264,0.10989011,0.263736264,0.637362637
lucene-2.0.csv,0.098901099,0.076923077,0.263736264,0.098901099,0.197802198,0.615384615
lucene-2.0.csv,0.054945055,0.076923077,0.285714286,0.142857143,0.263736264,0.582417582
lucene-2.0.csv,0.076923077,0.065934066,0.197802198,0.153846154,0.21978022,0.648351648
lucene-2.0.csv,0.065934066,0.076923077,0.252747253,0.164835165,0.230769231,0.593406593
lucene-2.0.csv,0.076923077,0.087912088,0.208791209,0.153846154,0.252747253,0.582417582
lucene-2.0.csv,0.076923077,0.076923077,0.197802198,0.175824176,0.098901099,0.549450549
lucene-2.0.csv,0.065934066,0.065934066,0.21978022,0.197802198,0.241758242,0.571428571
lucene-2.0.csv,0.054945055,0.054945055,0.208791209,0.153846154,0.208791209,0.648351648
poi-2.0.csv,0.216216216,0.216216216,0.378378378,0.324324324,0.297297297,0.675675676
poi-2.0.csv,0.189189189,0.189189189,0.324324324,0.243243243,0.459459459,0.675675676
poi-2.0.csv,0.189189189,0.189189189,0.351351351,0.216216216,0.486486486,0.648648649
poi-2.0.csv,0.216216216,0.216216216,0.432432432,0.432432432,0.405405405,0.648648649
poi-2.0.csv,0.243243243,0.189189189,0.405405405,0.324324324,0.405405405,0.648648649
poi-2.0.csv,0.189189189,0.189189189,0.405405405,0.27027027,0.27027027,0.621621622
poi-2.0.csv,0.162162162,0.162162162,0.405405405,0.324324324,0.351351351,0.594594595
poi-2.0.csv,0.189189189,0.216216216,0.486486486,0.27027027,0.459459459,0.594594595
poi-2.0.csv,0.162162162,0.189189189,0.486486486,0.297297297,0.459459459,0.72972973
poi-2.0.csv,0.189189189,0.189189189,0.351351351,0.162162162,0.351351351,0.621621622
poi-2.0.csv,0.162162162,0.189189189,0.378378378,0.27027027,0.324324324,0.648648649
poi-2.0.csv,0.162162162,0.162162162,0.459459459,0.297297297,0.27027027,0.72972973
poi-2.0.csv,0.162162162,0.135135135,0.405405405,0.297297297,0.243243243,0.621621622
poi-2.0.csv,0.189189189,0.189189189,0.405405405,0.324324324,0.297297297,0.621621622
poi-2.0.csv,0.162162162,0.162162162,0.432432432,0.243243243,0.297297297,0.648648649
poi-2.0.csv,0.189189189,0.189189189,0.378378378,0.378378378,0.432432432,0.648648649
poi-2.0.csv,0.162162162,0.162162162,0.432432432,0.27027027,0.432432432,0.540540541
poi-2.0.csv,0.162162162,0.162162162,0.351351351,0.324324324,0.351351351,0.621621622
poi-2.0.csv,0.189189189,0.189189189,0.405405405,0.216216216,0.243243243,0.540540541
poi-2.0.csv,0.189189189,0.162162162,0.378378378,0.27027027,0.324324324,0.675675676
poi-2.0.csv,0.189189189,0.189189189,0.378378378,0.324324324,0.27027027,0.648648649
poi-2.0.csv,0.189189189,0.162162162,0.351351351,0.432432432,0.27027027,0.648648649
poi-2.0.csv,0.162162162,0.162162162,0.432432432,0.243243243,0.405405405,0.675675676
poi-2.0.csv,0.189189189,0.189189189,0.459459459,0.297297297,0.513513514,0.594594595
poi-2.0.csv,0.162162162,0.189189189,0.405405405,0.297297297,0.189189189,0.621621622
poi-2.0.csv,0.216216216,0.189189189,0.432432432,0.162162162,0.540540541,0.648648649
poi-2.0.csv,0.189189189,0.189189189,0.378378378,0.297297297,0.486486486,0.648648649
poi-2.0.csv,0.216216216,0.216216216,0.405405405,0.351351351,0.378378378,0.621621622
poi-2.0.csv,0.162162162,0.189189189,0.459459459,0.27027027,0.432432432,0.702702703
poi-2.0.csv,0.162162162,0.162162162,0.378378378,0.27027027,0.432432432,0.567567568
redaktor-1.csv,0.037037037,0.037037037,0.222222222,0.148148148,0.148148148,0.518518519
redaktor-1.csv,0,0,0.185185185,0.111111111,0.111111111,0.518518519
redaktor-1.csv,0.074074074,0.074074074,0.185185185,0.074074074,0.259259259,0.444444444
redaktor-1.csv,0.037037037,0,0.185185185,0.148148148,0.148148148,0.481481481
redaktor-1.csv,0.074074074,0.074074074,0.185185185,0.222222222,0.074074074,0.444444444
redaktor-1.csv,0.037037037,0.037037037,0.148148148,0.111111111,0.185185185,0.518518519
redaktor-1.csv,0,0,0.148148148,0.074074074,0.074074074,0.555555556
redaktor-1.csv,0.037037037,0,0.185185185,0.111111111,0.074074074,0.481481481
redaktor-1.csv,0.074074074,0.111111111,0.185185185,0.074074074,0.148148148,0.481481481
redaktor-1.csv,0,0,0.185185185,0.111111111,0.074074074,0.518518519
redaktor-1.csv,0.037037037,0.037037037,0.222222222,0.185185185,0.074074074,0.481481481
redaktor-1.csv,0.074074074,0.074074074,0.185185185,0.074074074,0.111111111,0.555555556
redaktor-1.csv,0.037037037,0.037037037,0.185185185,0.074074074,0.111111111,0.444444444
redaktor-1.csv,0,0,0.148148148,0.074074074,0.259259259,0.444444444
redaktor-1.csv,0.037037037,0.037037037,0.185185185,0.074074074,0.111111111,0.481481481
redaktor-1.csv,0.074074074,0.037037037,0.222222222,0.074074074,0.037037037,0.481481481
redaktor-1.csv,0,0.037037037,0.259259259,0.074074074,0.148148148,0.555555556
redaktor-1.csv,0.037037037,0,0.185185185,0.185185185,0.222222222,0.444444444
redaktor-1.csv,0.074074074,0.074074074,0.185185185,0.074074074,0.074074074,0.481481481
redaktor-1.csv,0.074074074,0.037037037,0.148148148,0.074074074,0.074074074,0.444444444
redaktor-1.csv,0.074074074,0.074074074,0.222222222,0.074074074,0.148148148,0.481481481
redaktor-1.csv,0.074074074,0.074074074,0.185185185,0.185185185,0.222222222,0.518518519
redaktor-1.csv,0.037037037,0.074074074,0.185185185,0.074074074,0.111111111,0.444444444
redaktor-1.csv,0,0,0.185185185,0.074074074,0.074074074,0.481481481
redaktor-1.csv,0.074074074,0.074074074,0.185185185,0.074074074,0.148148148,0.518518519
redaktor-1.csv,0.074074074,0.074074074,0.185185185,0.148148148,0.185185185,0.481481481
redaktor-1.csv,0,0,0.148148148,0.111111111,0.074074074,0.444444444
redaktor-1.csv,0,0,0.148148148,0.074074074,0.148148148,0.592592593
redaktor-1.csv,0.037037037,0,0.185185185,0.185185185,0.185185185,0.518518519
redaktor-1.csv,0,0,0.148148148,0.074074074,0.074074074,0.481481481
synapse-1.2.csv,0.174418605,0.151162791,0.337209302,0.325581395,0.38372093,0.720930233
synapse-1.2.csv,0.162790698,0.162790698,0.313953488,0.244186047,0.360465116,0.76744186
synapse-1.2.csv,0.174418605,0.151162791,0.38372093,0.186046512,0.302325581,0.76744186
synapse-1.2.csv,0.151162791,0.139534884,0.302325581,0.186046512,0.174418605,0.697674419
synapse-1.2.csv,0.162790698,0.197674419,0.290697674,0.197674419,0.337209302,0.744186047
synapse-1.2.csv,0.174418605,0.162790698,0.302325581,0.209302326,0.290697674,0.674418605
synapse-1.2.csv,0.139534884,0.139534884,0.325581395,0.244186047,0.337209302,0.73255814
synapse-1.2.csv,0.11627907,0.139534884,0.313953488,0.26744186,0.406976744,0.720930233
synapse-1.2.csv,0.186046512,0.162790698,0.313953488,0.244186047,0.302325581,0.76744186
synapse-1.2.csv,0.139534884,0.151162791,0.313953488,0.255813953,0.337209302,0.755813953
synapse-1.2.csv,0.186046512,0.197674419,0.337209302,0.23255814,0.255813953,0.73255814
synapse-1.2.csv,0.151162791,0.139534884,0.313953488,0.197674419,0.255813953,0.697674419
synapse-1.2.csv,0.151162791,0.162790698,0.348837209,0.244186047,0.279069767,0.686046512
synapse-1.2.csv,0.174418605,0.174418605,0.313953488,0.244186047,0.313953488,0.73255814
synapse-1.2.csv,0.186046512,0.174418605,0.279069767,0.197674419,0.395348837,0.709302326
synapse-1.2.csv,0.186046512,0.209302326,0.290697674,0.255813953,0.220930233,0.627906977
synapse-1.2.csv,0.139534884,0.139534884,0.290697674,0.186046512,0.406976744,0.697674419
synapse-1.2.csv,0.162790698,0.139534884,0.313953488,0.220930233,0.279069767,0.674418605
synapse-1.2.csv,0.127906977,0.174418605,0.337209302,0.360465116,0.313953488,0.779069767
synapse-1.2.csv,0.209302326,0.209302326,0.325581395,0.220930233,0.313953488,0.76744186
synapse-1.2.csv,0.197674419,0.186046512,0.325581395,0.23255814,0.26744186,0.744186047
synapse-1.2.csv,0.162790698,0.186046512,0.313953488,0.313953488,0.325581395,0.604651163
synapse-1.2.csv,0.186046512,0.186046512,0.337209302,0.174418605,0.313953488,0.651162791
synapse-1.2.csv,0.139534884,0.139534884,0.302325581,0.313953488,0.302325581,0.73255814
synapse-1.2.csv,0.151162791,0.162790698,0.290697674,0.26744186,0.290697674,0.755813953
synapse-1.2.csv,0.186046512,0.186046512,0.360465116,0.244186047,0.337209302,0.651162791
synapse-1.2.csv,0.174418605,0.197674419,0.290697674,0.244186047,0.348837209,0.697674419
synapse-1.2.csv,0.11627907,0.127906977,0.325581395,0.186046512,0.302325581,0.581395349
synapse-1.2.csv,0.162790698,0.197674419,0.255813953,0.313953488,0.302325581,0.779069767
synapse-1.2.csv,0.174418605,0.186046512,0.337209302,0.244186047,0.244186047,0.61627907
tomcat-6.0.389418.csv,0.376623377,0.376623377,0.337662338,0.168831169,0.441558442,0.818181818
tomcat-6.0.389418.csv,0.350649351,0.311688312,0.38961039,0.12987013,0.480519481,0.805194805
tomcat-6.0.389418.csv,0.376623377,0.285714286,0.285714286,0.12987013,0.415584416,0.844155844
tomcat-6.0.389418.csv,0.285714286,0.272727273,0.25974026,0.103896104,0.337662338,0.766233766
tomcat-6.0.389418.csv,0.350649351,0.350649351,0.350649351,0.168831169,0.077922078,0.805194805
tomcat-6.0.389418.csv,0.350649351,0.337662338,0.571428571,0.350649351,0.675324675,0.831168831
tomcat-6.0.389418.csv,0.311688312,0.298701299,0.285714286,0.090909091,0.194805195,0.805194805
tomcat-6.0.389418.csv,0.337662338,0.363636364,0.428571429,0.142857143,0.350649351,0.844155844
tomcat-6.0.389418.csv,0.38961039,0.376623377,0.272727273,0.181818182,0.597402597,0.805194805
tomcat-6.0.389418.csv,0.350649351,0.363636364,0.441558442,0.402597403,0.584415584,0.792207792
tomcat-6.0.389418.csv,0.337662338,0.350649351,0.298701299,0.311688312,0.298701299,0.805194805
tomcat-6.0.389418.csv,0.38961039,0.363636364,0.233766234,0.220779221,0.584415584,0.779220779
tomcat-6.0.389418.csv,0.298701299,0.324675325,0.337662338,0.103896104,0.61038961,0.818181818
tomcat-6.0.389418.csv,0.350649351,0.363636364,0.454545455,0.194805195,0.207792208,0.844155844
tomcat-6.0.389418.csv,0.337662338,0.363636364,0.350649351,0.337662338,0.506493506,0.818181818
tomcat-6.0.389418.csv,0.285714286,0.285714286,0.233766234,0.064935065,0.25974026,0.792207792
tomcat-6.0.389418.csv,0.363636364,0.363636364,0.38961039,0.519480519,0.428571429,0.792207792
tomcat-6.0.389418.csv,0.337662338,0.324675325,0.194805195,0.480519481,0.454545455,0.805194805
tomcat-6.0.389418.csv,0.38961039,0.402597403,0.376623377,0.168831169,0.545454545,0.818181818
tomcat-6.0.389418.csv,0.350649351,0.337662338,0.363636364,0.051948052,0.493506494,0.792207792
tomcat-6.0.389418.csv,0.25974026,0.285714286,0.194805195,0.181818182,0.311688312,0.805194805
tomcat-6.0.389418.csv,0.311688312,0.350649351,0.168831169,0.220779221,0.454545455,0.857142857
tomcat-6.0.389418.csv,0.324675325,0.324675325,0.363636364,0.337662338,0.350649351,0.779220779
tomcat-6.0.389418.csv,0.350649351,0.337662338,0.311688312,0.181818182,0.246753247,0.831168831
tomcat-6.0.389418.csv,0.311688312,0.311688312,0.246753247,0.142857143,0.61038961,0.805194805
tomcat-6.0.389418.csv,0.311688312,0.311688312,0.272727273,0.272727273,0.38961039,0.831168831
tomcat-6.0.389418.csv,0.363636364,0.376623377,0.428571429,0.142857143,0.584415584,0.818181818
tomcat-6.0.389418.csv,0.363636364,0.350649351,0.454545455,0.493506494,0.220779221,0.818181818
tomcat-6.0.389418.csv,0.324675325,0.324675325,0.402597403,0.311688312,0.636363636,0.818181818
tomcat-6.0.389418.csv,0.220779221,0.155844156,0.233766234,0.233766234,0.246753247,0.818181818
velocity-1.6.csv,0.128205128,0.128205128,0.205128205,0.282051282,0.205128205,0.551282051
velocity-1.6.csv,0.128205128,0.153846154,0.307692308,0.307692308,0.282051282,0.525641026
velocity-1.6.csv,0.141025641,0.141025641,0.256410256,0.256410256,0.282051282,0.538461538
velocity-1.6.csv,0.141025641,0.141025641,0.307692308,0.320512821,0.243589744,0.525641026
velocity-1.6.csv,0.051282051,0.051282051,0.307692308,0.243589744,0.256410256,0.551282051
velocity-1.6.csv,0.128205128,0.102564103,0.243589744,0.256410256,0.205128205,0.538461538
velocity-1.6.csv,0.141025641,0.141025641,0.307692308,0.269230769,0.307692308,0.564102564
velocity-1.6.csv,0.115384615,0.153846154,0.179487179,0.230769231,0.217948718,0.551282051
velocity-1.6.csv,0.153846154,0.153846154,0.333333333,0.256410256,0.307692308,0.615384615
velocity-1.6.csv,0.115384615,0.08974359,0.205128205,0.346153846,0.166666667,0.564102564
velocity-1.6.csv,0.128205128,0.115384615,0.230769231,0.243589744,0.205128205,0.58974359
velocity-1.6.csv,0.102564103,0.08974359,0.243589744,0.256410256,0.230769231,0.576923077
velocity-1.6.csv,0.076923077,0.08974359,0.294871795,0.294871795,0.333333333,0.58974359
velocity-1.6.csv,0.115384615,0.128205128,0.243589744,0.230769231,0.256410256,0.564102564
velocity-1.6.csv,0.115384615,0.128205128,0.256410256,0.217948718,0.294871795,0.538461538
velocity-1.6.csv,0.115384615,0.08974359,0.256410256,0.282051282,0.256410256,0.538461538
velocity-1.6.csv,0.076923077,0.08974359,0.243589744,0.230769231,0.269230769,0.551282051
velocity-1.6.csv,0.128205128,0.166666667,0.269230769,0.320512821,0.243589744,0.551282051
velocity-1.6.csv,0.115384615,0.128205128,0.256410256,0.217948718,0.217948718,0.538461538
velocity-1.6.csv,0.102564103,0.102564103,0.256410256,0.243589744,0.294871795,0.564102564
velocity-1.6.csv,0.08974359,0.08974359,0.256410256,0.230769231,0.230769231,0.564102564
velocity-1.6.csv,0.102564103,0.115384615,0.192307692,0.320512821,0.256410256,0.564102564
velocity-1.6.csv,0.115384615,0.115384615,0.205128205,0.320512821,0.269230769,0.538461538
velocity-1.6.csv,0.102564103,0.08974359,0.269230769,0.256410256,0.282051282,0.512820513
velocity-1.6.csv,0.128205128,0.128205128,0.230769231,0.333333333,0.294871795,0.538461538
velocity-1.6.csv,0.141025641,0.128205128,0.269230769,0.320512821,0.294871795,0.576923077
velocity-1.6.csv,0.115384615,0.102564103,0.269230769,0.166666667,0.307692308,0.564102564
velocity-1.6.csv,0.102564103,0.08974359,0.269230769,0.230769231,0.153846154,0.58974359
velocity-1.6.csv,0.153846154,0.166666667,0.256410256,0.333333333,0.230769231,0.564102564
velocity-1.6.csv,0.128205128,0.128205128,0.256410256,0.141025641,0.243589744,0.551282051
xalan-2.6.csv,0.109489051,0.114355231,0.201946472,0.133819951,0.092457421,0.486618005
xalan-2.6.csv,0.109489051,0.109489051,0.233576642,0.094890511,0.060827251,0.481751825
xalan-2.6.csv,0.128953771,0.138686131,0.206812652,0.128953771,0.158150852,0.481751825
xalan-2.6.csv,0.111922141,0.107055961,0.201946472,0.080291971,0.116788321,0.525547445
xalan-2.6.csv,0.145985401,0.153284672,0.206812652,0.116788321,0.128953771,0.508515815
xalan-2.6.csv,0.136253041,0.141119221,0.223844282,0.085158151,0.099756691,0.501216545
xalan-2.6.csv,0.133819951,0.128953771,0.226277372,0.126520681,0.055961071,0.486618005
xalan-2.6.csv,0.128953771,0.124087591,0.199513382,0.109489051,0.116788321,0.530413625
xalan-2.6.csv,0.141119221,0.143552311,0.287104623,0.111922141,0.126520681,0.479318735
xalan-2.6.csv,0.148418491,0.145985401,0.245742092,0.090024331,0.077858881,0.513381995
xalan-2.6.csv,0.104622871,0.107055961,0.184914842,0.111922141,0.097323601,0.508515815
xalan-2.6.csv,0.104622871,0.104622871,0.223844282,0.126520681,0.099756691,0.498783455
xalan-2.6.csv,0.128953771,0.126520681,0.231143552,0.099756691,0.063260341,0.486618005
xalan-2.6.csv,0.136253041,0.131386861,0.277372263,0.082725061,0.111922141,0.484184915
xalan-2.6.csv,0.114355231,0.114355231,0.204379562,0.160583942,0.087591241,0.513381995
xalan-2.6.csv,0.085158151,0.094890511,0.177615572,0.097323601,0.158150852,0.527980535
xalan-2.6.csv,0.136253041,0.131386861,0.238442822,0.099756691,0.077858881,0.481751825
xalan-2.6.csv,0.114355231,0.116788321,0.214111922,0.090024331,0.109489051,0.510948905
xalan-2.6.csv,0.119221411,0.121654501,0.240875912,0.119221411,0.065693431,0.537712895
xalan-2.6.csv,0.228710462,0.197080292,0.245742092,0.128953771,0.099756691,0.452554745
xalan-2.6.csv,0.097323601,0.107055961,0.204379562,0.090024331,0.094890511,0.493917275
xalan-2.6.csv,0.116788321,0.116788321,0.238442822,0.075425791,0.075425791,0.525547445
xalan-2.6.csv,0.097323601,0.097323601,0.248175182,0.097323601,0.068126521,0.479318735
xalan-2.6.csv,0.184914842,0.187347932,0.294403893,0.097323601,0.092457421,0.459854015
xalan-2.6.csv,0.111922141,0.111922141,0.248175182,0.092457421,0.097323601,0.510948905
xalan-2.6.csv,0.148418491,0.150851582,0.240875912,0.143552311,0.092457421,0.498783455
xalan-2.6.csv,0.097323601,0.099756691,0.204379562,0.099756691,0.143552311,0.498783455
xalan-2.6.csv,0.126520681,0.128953771,0.294403893,0.092457421,0.104622871,0.520681265
xalan-2.6.csv,0.143552311,0.143552311,0.236009732,0.121654501,0.090024331,0.515815085
xalan-2.6.csv,0.126520681,0.121654501,0.236009732,0.128953771,0.107055961,0.472019465
xerces-1.3.csv,0.260869565,0.260869565,0.376811594,0.15942029,0.188405797,0.536231884
xerces-1.3.csv,0.31884058,0.304347826,0.31884058,0.188405797,0.246376812,0.463768116
xerces-1.3.csv,0.304347826,0.275362319,0.333333333,0.144927536,0.086956522,0.47826087
xerces-1.3.csv,0.246376812,0.246376812,0.333333333,0.086956522,0.260869565,0.579710145
xerces-1.3.csv,0.246376812,0.246376812,0.347826087,0.144927536,0.130434783,0.507246377
xerces-1.3.csv,0.289855072,0.289855072,0.347826087,0.115942029,0.260869565,0.637681159
xerces-1.3.csv,0.304347826,0.275362319,0.347826087,0.15942029,0.289855072,0.434782609
xerces-1.3.csv,0.289855072,0.275362319,0.376811594,0.115942029,0.217391304,0.507246377
xerces-1.3.csv,0.31884058,0.304347826,0.391304348,0.072463768,0.246376812,0.594202899
xerces-1.3.csv,0.31884058,0.31884058,0.376811594,0.101449275,0.333333333,0.536231884
xerces-1.3.csv,0.289855072,0.304347826,0.362318841,0.101449275,0.202898551,0.550724638
xerces-1.3.csv,0.246376812,0.246376812,0.31884058,0.115942029,0.231884058,0.52173913
xerces-1.3.csv,0.260869565,0.260869565,0.31884058,0.101449275,0.15942029,0.47826087
xerces-1.3.csv,0.289855072,0.289855072,0.362318841,0.115942029,0.202898551,0.52173913
xerces-1.3.csv,0.260869565,0.289855072,0.347826087,0.144927536,0.188405797,0.52173913
xerces-1.3.csv,0.31884058,0.31884058,0.376811594,0.101449275,0.217391304,0.52173913
xerces-1.3.csv,0.289855072,0.304347826,0.31884058,0.086956522,0.217391304,0.47826087
xerces-1.3.csv,0.304347826,0.304347826,0.376811594,0.217391304,0.115942029,0.434782609
xerces-1.3.csv,0.31884058,0.275362319,0.362318841,0.217391304,0.15942029,0.434782609
xerces-1.3.csv,0.260869565,0.260869565,0.391304348,0.217391304,0.115942029,0.507246377
xerces-1.3.csv,0.260869565,0.260869565,0.347826087,0.130434783,0.202898551,0.492753623
xerces-1.3.csv,0.304347826,0.289855072,0.347826087,0.130434783,0.144927536,0.579710145
xerces-1.3.csv,0.260869565,0.231884058,0.347826087,0.231884058,0.144927536,0.492753623
xerces-1.3.csv,0.31884058,0.304347826,0.391304348,0.173913043,0.173913043,0.463768116
xerces-1.3.csv,0.275362319,0.260869565,0.362318841,0.144927536,0.202898551,0.434782609
xerces-1.3.csv,0.289855072,0.275362319,0.391304348,0.173913043,0.217391304,0.52173913
xerces-1.3.csv,0.289855072,0.289855072,0.347826087,0.043478261,0.144927536,0.536231884
xerces-1.3.csv,0.31884058,0.304347826,0.376811594,0.115942029,0.275362319,0.507246377
xerces-1.3.csv,0.304347826,0.304347826,0.362318841,0.173913043,0.275362319,0.507246377
xerces-1.3.csv,0.289855072,0.289855072,0.333333333,0.130434783,0.246376812,0.492753623
